class,img,name
12,bedroom_0001.jpg,bedroom
12,bedroom_0002.jpg,bedroom
12,bedroom_0003.jpg,bedroom
12,bedroom_0004.jpg,bedroom
12,bedroom_0005.jpg,bedroom
12,bedroom_0006.jpg,bedroom
12,bedroom_0007.jpg,bedroom
12,bedroom_0008.jpg,bedroom
12,bedroom_0009.jpg,bedroom
12,bedroom_0010.jpg,bedroom
12,bedroom_0011.jpg,bedroom
12,bedroom_0012.jpg,bedroom
12,bedroom_0013.jpg,bedroom
12,bedroom_0014.jpg,bedroom
12,bedroom_0015.jpg,bedroom
12,bedroom_0016.jpg,bedroom
12,bedroom_0017.jpg,bedroom
12,bedroom_0018.jpg,bedroom
12,bedroom_0019.jpg,bedroom
12,bedroom_0020.jpg,bedroom
12,bedroom_0021.jpg,bedroom
12,bedroom_0022.jpg,bedroom
12,bedroom_0023.jpg,bedroom
12,bedroom_0024.jpg,bedroom
12,bedroom_0025.jpg,bedroom
12,bedroom_0026.jpg,bedroom
12,bedroom_0027.jpg,bedroom
12,bedroom_0028.jpg,bedroom
12,bedroom_0029.jpg,bedroom
12,bedroom_0030.jpg,bedroom
12,bedroom_0031.jpg,bedroom
12,bedroom_0032.jpg,bedroom
12,bedroom_0033.jpg,bedroom
12,bedroom_0034.jpg,bedroom
12,bedroom_0035.jpg,bedroom
12,bedroom_0036.jpg,bedroom
12,bedroom_0037.jpg,bedroom
12,bedroom_0038.jpg,bedroom
12,bedroom_0039.jpg,bedroom
12,bedroom_0040.jpg,bedroom
12,bedroom_0041.jpg,bedroom
12,bedroom_0042.jpg,bedroom
12,bedroom_0043.jpg,bedroom
12,bedroom_0044.jpg,bedroom
12,bedroom_0045.jpg,bedroom
12,bedroom_0046.jpg,bedroom
12,bedroom_0047.jpg,bedroom
12,bedroom_0048.jpg,bedroom
12,bedroom_0049.jpg,bedroom
12,bedroom_0050.jpg,bedroom
12,bedroom_0051.jpg,bedroom
12,bedroom_0052.jpg,bedroom
12,bedroom_0053.jpg,bedroom
12,bedroom_0054.jpg,bedroom
12,bedroom_0055.jpg,bedroom
12,bedroom_0056.jpg,bedroom
12,bedroom_0057.jpg,bedroom
12,bedroom_0058.jpg,bedroom
12,bedroom_0059.jpg,bedroom
12,bedroom_0060.jpg,bedroom
12,bedroom_0061.jpg,bedroom
12,bedroom_0062.jpg,bedroom
12,bedroom_0063.jpg,bedroom
12,bedroom_0064.jpg,bedroom
12,bedroom_0065.jpg,bedroom
12,bedroom_0066.jpg,bedroom
12,bedroom_0067.jpg,bedroom
12,bedroom_0068.jpg,bedroom
12,bedroom_0069.jpg,bedroom
12,bedroom_0070.jpg,bedroom
12,bedroom_0071.jpg,bedroom
12,bedroom_0072.jpg,bedroom
12,bedroom_0073.jpg,bedroom
12,bedroom_0074.jpg,bedroom
12,bedroom_0075.jpg,bedroom
12,bedroom_0076.jpg,bedroom
12,bedroom_0077.jpg,bedroom
12,bedroom_0078.jpg,bedroom
12,bedroom_0079.jpg,bedroom
12,bedroom_0080.jpg,bedroom
12,bedroom_0081.jpg,bedroom
12,bedroom_0082.jpg,bedroom
12,bedroom_0083.jpg,bedroom
12,bedroom_0084.jpg,bedroom
12,bedroom_0085.jpg,bedroom
12,bedroom_0086.jpg,bedroom
12,bedroom_0087.jpg,bedroom
12,bedroom_0088.jpg,bedroom
12,bedroom_0089.jpg,bedroom
12,bedroom_0090.jpg,bedroom
12,bedroom_0091.jpg,bedroom
12,bedroom_0092.jpg,bedroom
12,bedroom_0093.jpg,bedroom
12,bedroom_0094.jpg,bedroom
12,bedroom_0095.jpg,bedroom
12,bedroom_0096.jpg,bedroom
12,bedroom_0097.jpg,bedroom
12,bedroom_0098.jpg,bedroom
12,bedroom_0099.jpg,bedroom
12,bedroom_0100.jpg,bedroom
12,bedroom_0101.jpg,bedroom
12,bedroom_0102.jpg,bedroom
12,bedroom_0103.jpg,bedroom
12,bedroom_0104.jpg,bedroom
12,bedroom_0105.jpg,bedroom
12,bedroom_0106.jpg,bedroom
12,bedroom_0107.jpg,bedroom
12,bedroom_0108.jpg,bedroom
12,bedroom_0109.jpg,bedroom
12,bedroom_0110.jpg,bedroom
12,bedroom_0111.jpg,bedroom
12,bedroom_0112.jpg,bedroom
12,bedroom_0113.jpg,bedroom
12,bedroom_0114.jpg,bedroom
12,bedroom_0115.jpg,bedroom
12,bedroom_0116.jpg,bedroom
9,CALsuburb_0001.jpg,CALsuburb
9,CALsuburb_0002.jpg,CALsuburb
9,CALsuburb_0003.jpg,CALsuburb
9,CALsuburb_0004.jpg,CALsuburb
9,CALsuburb_0005.jpg,CALsuburb
9,CALsuburb_0006.jpg,CALsuburb
9,CALsuburb_0007.jpg,CALsuburb
9,CALsuburb_0008.jpg,CALsuburb
9,CALsuburb_0009.jpg,CALsuburb
9,CALsuburb_0010.jpg,CALsuburb
9,CALsuburb_0011.jpg,CALsuburb
9,CALsuburb_0012.jpg,CALsuburb
9,CALsuburb_0013.jpg,CALsuburb
9,CALsuburb_0014.jpg,CALsuburb
9,CALsuburb_0015.jpg,CALsuburb
9,CALsuburb_0016.jpg,CALsuburb
9,CALsuburb_0017.jpg,CALsuburb
9,CALsuburb_0018.jpg,CALsuburb
9,CALsuburb_0019.jpg,CALsuburb
9,CALsuburb_0020.jpg,CALsuburb
9,CALsuburb_0021.jpg,CALsuburb
9,CALsuburb_0022.jpg,CALsuburb
9,CALsuburb_0023.jpg,CALsuburb
9,CALsuburb_0024.jpg,CALsuburb
9,CALsuburb_0025.jpg,CALsuburb
9,CALsuburb_0026.jpg,CALsuburb
9,CALsuburb_0027.jpg,CALsuburb
9,CALsuburb_0028.jpg,CALsuburb
9,CALsuburb_0029.jpg,CALsuburb
9,CALsuburb_0030.jpg,CALsuburb
9,CALsuburb_0031.jpg,CALsuburb
9,CALsuburb_0032.jpg,CALsuburb
9,CALsuburb_0033.jpg,CALsuburb
9,CALsuburb_0034.jpg,CALsuburb
9,CALsuburb_0035.jpg,CALsuburb
9,CALsuburb_0036.jpg,CALsuburb
9,CALsuburb_0037.jpg,CALsuburb
9,CALsuburb_0038.jpg,CALsuburb
9,CALsuburb_0039.jpg,CALsuburb
9,CALsuburb_0040.jpg,CALsuburb
9,CALsuburb_0041.jpg,CALsuburb
9,CALsuburb_0042.jpg,CALsuburb
9,CALsuburb_0043.jpg,CALsuburb
9,CALsuburb_0044.jpg,CALsuburb
9,CALsuburb_0045.jpg,CALsuburb
9,CALsuburb_0046.jpg,CALsuburb
9,CALsuburb_0047.jpg,CALsuburb
9,CALsuburb_0048.jpg,CALsuburb
9,CALsuburb_0049.jpg,CALsuburb
9,CALsuburb_0050.jpg,CALsuburb
9,CALsuburb_0051.jpg,CALsuburb
9,CALsuburb_0052.jpg,CALsuburb
9,CALsuburb_0053.jpg,CALsuburb
9,CALsuburb_0054.jpg,CALsuburb
9,CALsuburb_0055.jpg,CALsuburb
9,CALsuburb_0056.jpg,CALsuburb
9,CALsuburb_0057.jpg,CALsuburb
9,CALsuburb_0058.jpg,CALsuburb
9,CALsuburb_0059.jpg,CALsuburb
9,CALsuburb_0060.jpg,CALsuburb
9,CALsuburb_0061.jpg,CALsuburb
9,CALsuburb_0062.jpg,CALsuburb
9,CALsuburb_0063.jpg,CALsuburb
9,CALsuburb_0064.jpg,CALsuburb
9,CALsuburb_0065.jpg,CALsuburb
9,CALsuburb_0066.jpg,CALsuburb
9,CALsuburb_0067.jpg,CALsuburb
9,CALsuburb_0068.jpg,CALsuburb
9,CALsuburb_0069.jpg,CALsuburb
9,CALsuburb_0070.jpg,CALsuburb
9,CALsuburb_0071.jpg,CALsuburb
9,CALsuburb_0072.jpg,CALsuburb
9,CALsuburb_0073.jpg,CALsuburb
9,CALsuburb_0074.jpg,CALsuburb
9,CALsuburb_0075.jpg,CALsuburb
9,CALsuburb_0076.jpg,CALsuburb
9,CALsuburb_0077.jpg,CALsuburb
9,CALsuburb_0078.jpg,CALsuburb
9,CALsuburb_0079.jpg,CALsuburb
9,CALsuburb_0080.jpg,CALsuburb
9,CALsuburb_0081.jpg,CALsuburb
9,CALsuburb_0082.jpg,CALsuburb
9,CALsuburb_0083.jpg,CALsuburb
9,CALsuburb_0084.jpg,CALsuburb
9,CALsuburb_0085.jpg,CALsuburb
9,CALsuburb_0086.jpg,CALsuburb
9,CALsuburb_0087.jpg,CALsuburb
9,CALsuburb_0088.jpg,CALsuburb
9,CALsuburb_0089.jpg,CALsuburb
9,CALsuburb_0090.jpg,CALsuburb
9,CALsuburb_0091.jpg,CALsuburb
9,CALsuburb_0092.jpg,CALsuburb
9,CALsuburb_0093.jpg,CALsuburb
9,CALsuburb_0094.jpg,CALsuburb
9,CALsuburb_0095.jpg,CALsuburb
9,CALsuburb_0096.jpg,CALsuburb
9,CALsuburb_0097.jpg,CALsuburb
9,CALsuburb_0098.jpg,CALsuburb
9,CALsuburb_0099.jpg,CALsuburb
9,CALsuburb_0100.jpg,CALsuburb
9,CALsuburb_0101.jpg,CALsuburb
9,CALsuburb_0102.jpg,CALsuburb
9,CALsuburb_0103.jpg,CALsuburb
9,CALsuburb_0104.jpg,CALsuburb
9,CALsuburb_0105.jpg,CALsuburb
9,CALsuburb_0106.jpg,CALsuburb
9,CALsuburb_0107.jpg,CALsuburb
9,CALsuburb_0108.jpg,CALsuburb
9,CALsuburb_0109.jpg,CALsuburb
9,CALsuburb_0110.jpg,CALsuburb
9,CALsuburb_0111.jpg,CALsuburb
9,CALsuburb_0112.jpg,CALsuburb
9,CALsuburb_0113.jpg,CALsuburb
9,CALsuburb_0114.jpg,CALsuburb
9,CALsuburb_0115.jpg,CALsuburb
9,CALsuburb_0116.jpg,CALsuburb
9,CALsuburb_0117.jpg,CALsuburb
9,CALsuburb_0118.jpg,CALsuburb
9,CALsuburb_0119.jpg,CALsuburb
9,CALsuburb_0120.jpg,CALsuburb
9,CALsuburb_0121.jpg,CALsuburb
9,CALsuburb_0122.jpg,CALsuburb
9,CALsuburb_0123.jpg,CALsuburb
9,CALsuburb_0124.jpg,CALsuburb
9,CALsuburb_0125.jpg,CALsuburb
9,CALsuburb_0126.jpg,CALsuburb
9,CALsuburb_0127.jpg,CALsuburb
9,CALsuburb_0128.jpg,CALsuburb
9,CALsuburb_0129.jpg,CALsuburb
9,CALsuburb_0130.jpg,CALsuburb
9,CALsuburb_0131.jpg,CALsuburb
9,CALsuburb_0132.jpg,CALsuburb
9,CALsuburb_0133.jpg,CALsuburb
9,CALsuburb_0134.jpg,CALsuburb
9,CALsuburb_0135.jpg,CALsuburb
9,CALsuburb_0136.jpg,CALsuburb
9,CALsuburb_0137.jpg,CALsuburb
9,CALsuburb_0138.jpg,CALsuburb
9,CALsuburb_0139.jpg,CALsuburb
9,CALsuburb_0140.jpg,CALsuburb
9,CALsuburb_0141.jpg,CALsuburb
10,coast_0001.jpg,coast
10,coast_0002.jpg,coast
10,coast_0003.jpg,coast
10,coast_0004.jpg,coast
10,coast_0005.jpg,coast
10,coast_0006.jpg,coast
10,coast_0007.jpg,coast
10,coast_0008.jpg,coast
10,coast_0009.jpg,coast
10,coast_0010.jpg,coast
10,coast_0011.jpg,coast
10,coast_0012.jpg,coast
10,coast_0013.jpg,coast
10,coast_0014.jpg,coast
10,coast_0015.jpg,coast
10,coast_0016.jpg,coast
10,coast_0017.jpg,coast
10,coast_0018.jpg,coast
10,coast_0019.jpg,coast
10,coast_0020.jpg,coast
10,coast_0021.jpg,coast
10,coast_0022.jpg,coast
10,coast_0023.jpg,coast
10,coast_0024.jpg,coast
10,coast_0025.jpg,coast
10,coast_0026.jpg,coast
10,coast_0027.jpg,coast
10,coast_0028.jpg,coast
10,coast_0029.jpg,coast
10,coast_0030.jpg,coast
10,coast_0031.jpg,coast
10,coast_0032.jpg,coast
10,coast_0033.jpg,coast
10,coast_0034.jpg,coast
10,coast_0035.jpg,coast
10,coast_0036.jpg,coast
10,coast_0037.jpg,coast
10,coast_0038.jpg,coast
10,coast_0039.jpg,coast
10,coast_0040.jpg,coast
10,coast_0041.jpg,coast
10,coast_0042.jpg,coast
10,coast_0043.jpg,coast
10,coast_0044.jpg,coast
10,coast_0045.jpg,coast
10,coast_0046.jpg,coast
10,coast_0047.jpg,coast
10,coast_0048.jpg,coast
10,coast_0049.jpg,coast
10,coast_0050.jpg,coast
10,coast_0051.jpg,coast
10,coast_0052.jpg,coast
10,coast_0053.jpg,coast
10,coast_0054.jpg,coast
10,coast_0055.jpg,coast
10,coast_0056.jpg,coast
10,coast_0057.jpg,coast
10,coast_0058.jpg,coast
10,coast_0059.jpg,coast
10,coast_0060.jpg,coast
10,coast_0061.jpg,coast
10,coast_0062.jpg,coast
10,coast_0063.jpg,coast
10,coast_0064.jpg,coast
10,coast_0065.jpg,coast
10,coast_0066.jpg,coast
10,coast_0067.jpg,coast
10,coast_0068.jpg,coast
10,coast_0069.jpg,coast
10,coast_0070.jpg,coast
10,coast_0071.jpg,coast
10,coast_0072.jpg,coast
10,coast_0073.jpg,coast
10,coast_0074.jpg,coast
10,coast_0075.jpg,coast
10,coast_0076.jpg,coast
10,coast_0077.jpg,coast
10,coast_0078.jpg,coast
10,coast_0079.jpg,coast
10,coast_0080.jpg,coast
10,coast_0081.jpg,coast
10,coast_0082.jpg,coast
10,coast_0083.jpg,coast
10,coast_0084.jpg,coast
10,coast_0085.jpg,coast
10,coast_0086.jpg,coast
10,coast_0087.jpg,coast
10,coast_0088.jpg,coast
10,coast_0089.jpg,coast
10,coast_0090.jpg,coast
10,coast_0091.jpg,coast
10,coast_0092.jpg,coast
10,coast_0093.jpg,coast
10,coast_0094.jpg,coast
10,coast_0095.jpg,coast
10,coast_0096.jpg,coast
10,coast_0097.jpg,coast
10,coast_0098.jpg,coast
10,coast_0099.jpg,coast
10,coast_0100.jpg,coast
10,coast_0101.jpg,coast
10,coast_0102.jpg,coast
10,coast_0103.jpg,coast
10,coast_0104.jpg,coast
10,coast_0105.jpg,coast
10,coast_0106.jpg,coast
10,coast_0107.jpg,coast
10,coast_0108.jpg,coast
10,coast_0109.jpg,coast
10,coast_0110.jpg,coast
10,coast_0111.jpg,coast
10,coast_0112.jpg,coast
10,coast_0113.jpg,coast
10,coast_0114.jpg,coast
10,coast_0115.jpg,coast
10,coast_0116.jpg,coast
10,coast_0117.jpg,coast
10,coast_0118.jpg,coast
10,coast_0119.jpg,coast
10,coast_0120.jpg,coast
10,coast_0121.jpg,coast
10,coast_0122.jpg,coast
10,coast_0123.jpg,coast
10,coast_0124.jpg,coast
10,coast_0125.jpg,coast
10,coast_0126.jpg,coast
10,coast_0127.jpg,coast
10,coast_0128.jpg,coast
10,coast_0129.jpg,coast
10,coast_0130.jpg,coast
10,coast_0131.jpg,coast
10,coast_0132.jpg,coast
10,coast_0133.jpg,coast
10,coast_0134.jpg,coast
10,coast_0135.jpg,coast
10,coast_0136.jpg,coast
10,coast_0137.jpg,coast
10,coast_0138.jpg,coast
10,coast_0139.jpg,coast
10,coast_0140.jpg,coast
10,coast_0141.jpg,coast
10,coast_0142.jpg,coast
10,coast_0143.jpg,coast
10,coast_0144.jpg,coast
10,coast_0145.jpg,coast
10,coast_0146.jpg,coast
10,coast_0147.jpg,coast
10,coast_0148.jpg,coast
10,coast_0149.jpg,coast
10,coast_0150.jpg,coast
10,coast_0151.jpg,coast
10,coast_0152.jpg,coast
10,coast_0153.jpg,coast
10,coast_0154.jpg,coast
10,coast_0155.jpg,coast
10,coast_0156.jpg,coast
10,coast_0157.jpg,coast
10,coast_0158.jpg,coast
10,coast_0159.jpg,coast
10,coast_0160.jpg,coast
10,coast_0161.jpg,coast
10,coast_0162.jpg,coast
10,coast_0163.jpg,coast
10,coast_0164.jpg,coast
10,coast_0165.jpg,coast
10,coast_0166.jpg,coast
10,coast_0167.jpg,coast
10,coast_0168.jpg,coast
10,coast_0169.jpg,coast
10,coast_0170.jpg,coast
10,coast_0171.jpg,coast
10,coast_0172.jpg,coast
10,coast_0173.jpg,coast
10,coast_0174.jpg,coast
10,coast_0175.jpg,coast
10,coast_0176.jpg,coast
10,coast_0177.jpg,coast
10,coast_0178.jpg,coast
10,coast_0179.jpg,coast
10,coast_0180.jpg,coast
10,coast_0181.jpg,coast
10,coast_0182.jpg,coast
10,coast_0183.jpg,coast
10,coast_0184.jpg,coast
10,coast_0185.jpg,coast
10,coast_0186.jpg,coast
10,coast_0187.jpg,coast
10,coast_0188.jpg,coast
10,coast_0189.jpg,coast
10,coast_0190.jpg,coast
10,coast_0191.jpg,coast
10,coast_0192.jpg,coast
10,coast_0193.jpg,coast
10,coast_0194.jpg,coast
10,coast_0195.jpg,coast
10,coast_0196.jpg,coast
10,coast_0197.jpg,coast
10,coast_0198.jpg,coast
10,coast_0199.jpg,coast
10,coast_0200.jpg,coast
10,coast_0201.jpg,coast
10,coast_0202.jpg,coast
10,coast_0203.jpg,coast
10,coast_0204.jpg,coast
10,coast_0205.jpg,coast
10,coast_0206.jpg,coast
10,coast_0207.jpg,coast
10,coast_0208.jpg,coast
10,coast_0209.jpg,coast
10,coast_0210.jpg,coast
10,coast_0211.jpg,coast
10,coast_0212.jpg,coast
10,coast_0213.jpg,coast
10,coast_0214.jpg,coast
10,coast_0215.jpg,coast
10,coast_0216.jpg,coast
10,coast_0217.jpg,coast
10,coast_0218.jpg,coast
10,coast_0219.jpg,coast
10,coast_0220.jpg,coast
10,coast_0221.jpg,coast
10,coast_0222.jpg,coast
10,coast_0223.jpg,coast
10,coast_0224.jpg,coast
10,coast_0225.jpg,coast
10,coast_0226.jpg,coast
10,coast_0227.jpg,coast
10,coast_0228.jpg,coast
10,coast_0229.jpg,coast
10,coast_0230.jpg,coast
10,coast_0231.jpg,coast
10,coast_0232.jpg,coast
10,coast_0233.jpg,coast
10,coast_0234.jpg,coast
10,coast_0235.jpg,coast
10,coast_0236.jpg,coast
10,coast_0237.jpg,coast
10,coast_0238.jpg,coast
10,coast_0239.jpg,coast
10,coast_0240.jpg,coast
10,coast_0241.jpg,coast
10,coast_0242.jpg,coast
10,coast_0243.jpg,coast
10,coast_0244.jpg,coast
10,coast_0245.jpg,coast
10,coast_0246.jpg,coast
10,coast_0247.jpg,coast
10,coast_0248.jpg,coast
10,coast_0249.jpg,coast
10,coast_0250.jpg,coast
10,coast_0251.jpg,coast
10,coast_0252.jpg,coast
10,coast_0253.jpg,coast
10,coast_0254.jpg,coast
10,coast_0255.jpg,coast
10,coast_0256.jpg,coast
10,coast_0257.jpg,coast
10,coast_0258.jpg,coast
10,coast_0259.jpg,coast
10,coast_0260.jpg,coast
4,forest_0001.jpg,forest
4,forest_0002.jpg,forest
4,forest_0003.jpg,forest
4,forest_0004.jpg,forest
4,forest_0005.jpg,forest
4,forest_0006.jpg,forest
4,forest_0007.jpg,forest
4,forest_0008.jpg,forest
4,forest_0009.jpg,forest
4,forest_0010.jpg,forest
4,forest_0011.jpg,forest
4,forest_0012.jpg,forest
4,forest_0013.jpg,forest
4,forest_0014.jpg,forest
4,forest_0015.jpg,forest
4,forest_0016.jpg,forest
4,forest_0017.jpg,forest
4,forest_0018.jpg,forest
4,forest_0019.jpg,forest
4,forest_0020.jpg,forest
4,forest_0021.jpg,forest
4,forest_0022.jpg,forest
4,forest_0023.jpg,forest
4,forest_0024.jpg,forest
4,forest_0025.jpg,forest
4,forest_0026.jpg,forest
4,forest_0027.jpg,forest
4,forest_0028.jpg,forest
4,forest_0029.jpg,forest
4,forest_0030.jpg,forest
4,forest_0031.jpg,forest
4,forest_0032.jpg,forest
4,forest_0033.jpg,forest
4,forest_0034.jpg,forest
4,forest_0035.jpg,forest
4,forest_0036.jpg,forest
4,forest_0037.jpg,forest
4,forest_0038.jpg,forest
4,forest_0039.jpg,forest
4,forest_0040.jpg,forest
4,forest_0041.jpg,forest
4,forest_0042.jpg,forest
4,forest_0043.jpg,forest
4,forest_0044.jpg,forest
4,forest_0045.jpg,forest
4,forest_0046.jpg,forest
4,forest_0047.jpg,forest
4,forest_0048.jpg,forest
4,forest_0049.jpg,forest
4,forest_0050.jpg,forest
4,forest_0051.jpg,forest
4,forest_0052.jpg,forest
4,forest_0053.jpg,forest
4,forest_0054.jpg,forest
4,forest_0055.jpg,forest
4,forest_0056.jpg,forest
4,forest_0057.jpg,forest
4,forest_0058.jpg,forest
4,forest_0059.jpg,forest
4,forest_0060.jpg,forest
4,forest_0061.jpg,forest
4,forest_0062.jpg,forest
4,forest_0063.jpg,forest
4,forest_0064.jpg,forest
4,forest_0065.jpg,forest
4,forest_0066.jpg,forest
4,forest_0067.jpg,forest
4,forest_0068.jpg,forest
4,forest_0069.jpg,forest
4,forest_0070.jpg,forest
4,forest_0071.jpg,forest
4,forest_0072.jpg,forest
4,forest_0073.jpg,forest
4,forest_0074.jpg,forest
4,forest_0075.jpg,forest
4,forest_0076.jpg,forest
4,forest_0077.jpg,forest
4,forest_0078.jpg,forest
4,forest_0079.jpg,forest
4,forest_0080.jpg,forest
4,forest_0081.jpg,forest
4,forest_0082.jpg,forest
4,forest_0083.jpg,forest
4,forest_0084.jpg,forest
4,forest_0085.jpg,forest
4,forest_0086.jpg,forest
4,forest_0087.jpg,forest
4,forest_0088.jpg,forest
4,forest_0089.jpg,forest
4,forest_0090.jpg,forest
4,forest_0091.jpg,forest
4,forest_0092.jpg,forest
4,forest_0093.jpg,forest
4,forest_0094.jpg,forest
4,forest_0095.jpg,forest
4,forest_0096.jpg,forest
4,forest_0097.jpg,forest
4,forest_0098.jpg,forest
4,forest_0099.jpg,forest
4,forest_0100.jpg,forest
4,forest_0101.jpg,forest
4,forest_0102.jpg,forest
4,forest_0103.jpg,forest
4,forest_0104.jpg,forest
4,forest_0105.jpg,forest
4,forest_0106.jpg,forest
4,forest_0107.jpg,forest
4,forest_0108.jpg,forest
4,forest_0109.jpg,forest
4,forest_0110.jpg,forest
4,forest_0111.jpg,forest
4,forest_0112.jpg,forest
4,forest_0113.jpg,forest
4,forest_0114.jpg,forest
4,forest_0115.jpg,forest
4,forest_0116.jpg,forest
4,forest_0117.jpg,forest
4,forest_0118.jpg,forest
4,forest_0119.jpg,forest
4,forest_0120.jpg,forest
4,forest_0121.jpg,forest
4,forest_0122.jpg,forest
4,forest_0123.jpg,forest
4,forest_0124.jpg,forest
4,forest_0125.jpg,forest
4,forest_0126.jpg,forest
4,forest_0127.jpg,forest
4,forest_0128.jpg,forest
4,forest_0129.jpg,forest
4,forest_0130.jpg,forest
4,forest_0131.jpg,forest
4,forest_0132.jpg,forest
4,forest_0133.jpg,forest
4,forest_0134.jpg,forest
4,forest_0135.jpg,forest
4,forest_0136.jpg,forest
4,forest_0137.jpg,forest
4,forest_0138.jpg,forest
4,forest_0139.jpg,forest
4,forest_0140.jpg,forest
4,forest_0141.jpg,forest
4,forest_0142.jpg,forest
4,forest_0143.jpg,forest
4,forest_0144.jpg,forest
4,forest_0145.jpg,forest
4,forest_0146.jpg,forest
4,forest_0147.jpg,forest
4,forest_0148.jpg,forest
4,forest_0149.jpg,forest
4,forest_0150.jpg,forest
4,forest_0151.jpg,forest
4,forest_0152.jpg,forest
4,forest_0153.jpg,forest
4,forest_0154.jpg,forest
4,forest_0155.jpg,forest
4,forest_0156.jpg,forest
4,forest_0157.jpg,forest
4,forest_0158.jpg,forest
4,forest_0159.jpg,forest
4,forest_0160.jpg,forest
4,forest_0161.jpg,forest
4,forest_0162.jpg,forest
4,forest_0163.jpg,forest
4,forest_0164.jpg,forest
4,forest_0165.jpg,forest
4,forest_0166.jpg,forest
4,forest_0167.jpg,forest
4,forest_0168.jpg,forest
4,forest_0169.jpg,forest
4,forest_0170.jpg,forest
4,forest_0171.jpg,forest
4,forest_0172.jpg,forest
4,forest_0173.jpg,forest
4,forest_0174.jpg,forest
4,forest_0175.jpg,forest
4,forest_0176.jpg,forest
4,forest_0177.jpg,forest
4,forest_0178.jpg,forest
4,forest_0179.jpg,forest
4,forest_0180.jpg,forest
4,forest_0181.jpg,forest
4,forest_0182.jpg,forest
4,forest_0183.jpg,forest
4,forest_0184.jpg,forest
4,forest_0185.jpg,forest
4,forest_0186.jpg,forest
4,forest_0187.jpg,forest
4,forest_0188.jpg,forest
4,forest_0189.jpg,forest
4,forest_0190.jpg,forest
4,forest_0191.jpg,forest
4,forest_0192.jpg,forest
4,forest_0193.jpg,forest
4,forest_0194.jpg,forest
4,forest_0195.jpg,forest
4,forest_0196.jpg,forest
4,forest_0197.jpg,forest
4,forest_0198.jpg,forest
4,forest_0199.jpg,forest
4,forest_0200.jpg,forest
4,forest_0201.jpg,forest
4,forest_0202.jpg,forest
4,forest_0203.jpg,forest
4,forest_0204.jpg,forest
4,forest_0205.jpg,forest
4,forest_0206.jpg,forest
4,forest_0207.jpg,forest
4,forest_0208.jpg,forest
4,forest_0209.jpg,forest
4,forest_0210.jpg,forest
4,forest_0211.jpg,forest
4,forest_0212.jpg,forest
4,forest_0213.jpg,forest
4,forest_0214.jpg,forest
4,forest_0215.jpg,forest
4,forest_0216.jpg,forest
4,forest_0217.jpg,forest
4,forest_0218.jpg,forest
4,forest_0219.jpg,forest
4,forest_0220.jpg,forest
4,forest_0221.jpg,forest
4,forest_0222.jpg,forest
4,forest_0223.jpg,forest
4,forest_0224.jpg,forest
4,forest_0225.jpg,forest
4,forest_0226.jpg,forest
4,forest_0227.jpg,forest
4,forest_0228.jpg,forest
14,highway_0001.jpg,highway
14,highway_0002.jpg,highway
14,highway_0003.jpg,highway
14,highway_0004.jpg,highway
14,highway_0005.jpg,highway
14,highway_0006.jpg,highway
14,highway_0007.jpg,highway
14,highway_0008.jpg,highway
14,highway_0009.jpg,highway
14,highway_0010.jpg,highway
14,highway_0011.jpg,highway
14,highway_0012.jpg,highway
14,highway_0013.jpg,highway
14,highway_0014.jpg,highway
14,highway_0015.jpg,highway
14,highway_0016.jpg,highway
14,highway_0017.jpg,highway
14,highway_0018.jpg,highway
14,highway_0019.jpg,highway
14,highway_0020.jpg,highway
14,highway_0021.jpg,highway
14,highway_0022.jpg,highway
14,highway_0023.jpg,highway
14,highway_0024.jpg,highway
14,highway_0025.jpg,highway
14,highway_0026.jpg,highway
14,highway_0027.jpg,highway
14,highway_0028.jpg,highway
14,highway_0029.jpg,highway
14,highway_0030.jpg,highway
14,highway_0031.jpg,highway
14,highway_0032.jpg,highway
14,highway_0033.jpg,highway
14,highway_0034.jpg,highway
14,highway_0035.jpg,highway
14,highway_0036.jpg,highway
14,highway_0037.jpg,highway
14,highway_0038.jpg,highway
14,highway_0039.jpg,highway
14,highway_0040.jpg,highway
14,highway_0041.jpg,highway
14,highway_0042.jpg,highway
14,highway_0043.jpg,highway
14,highway_0044.jpg,highway
14,highway_0045.jpg,highway
14,highway_0046.jpg,highway
14,highway_0047.jpg,highway
14,highway_0048.jpg,highway
14,highway_0049.jpg,highway
14,highway_0050.jpg,highway
14,highway_0051.jpg,highway
14,highway_0052.jpg,highway
14,highway_0053.jpg,highway
14,highway_0054.jpg,highway
14,highway_0055.jpg,highway
14,highway_0056.jpg,highway
14,highway_0057.jpg,highway
14,highway_0058.jpg,highway
14,highway_0059.jpg,highway
14,highway_0060.jpg,highway
14,highway_0061.jpg,highway
14,highway_0062.jpg,highway
14,highway_0063.jpg,highway
14,highway_0064.jpg,highway
14,highway_0065.jpg,highway
14,highway_0066.jpg,highway
14,highway_0067.jpg,highway
14,highway_0068.jpg,highway
14,highway_0069.jpg,highway
14,highway_0070.jpg,highway
14,highway_0071.jpg,highway
14,highway_0072.jpg,highway
14,highway_0073.jpg,highway
14,highway_0074.jpg,highway
14,highway_0075.jpg,highway
14,highway_0076.jpg,highway
14,highway_0077.jpg,highway
14,highway_0078.jpg,highway
14,highway_0079.jpg,highway
14,highway_0080.jpg,highway
14,highway_0081.jpg,highway
14,highway_0082.jpg,highway
14,highway_0083.jpg,highway
14,highway_0084.jpg,highway
14,highway_0085.jpg,highway
14,highway_0086.jpg,highway
14,highway_0087.jpg,highway
14,highway_0088.jpg,highway
14,highway_0089.jpg,highway
14,highway_0090.jpg,highway
14,highway_0091.jpg,highway
14,highway_0092.jpg,highway
14,highway_0093.jpg,highway
14,highway_0094.jpg,highway
14,highway_0095.jpg,highway
14,highway_0096.jpg,highway
14,highway_0097.jpg,highway
14,highway_0098.jpg,highway
14,highway_0099.jpg,highway
14,highway_0100.jpg,highway
14,highway_0101.jpg,highway
14,highway_0102.jpg,highway
14,highway_0103.jpg,highway
14,highway_0104.jpg,highway
14,highway_0105.jpg,highway
14,highway_0106.jpg,highway
14,highway_0107.jpg,highway
14,highway_0108.jpg,highway
14,highway_0109.jpg,highway
14,highway_0110.jpg,highway
14,highway_0111.jpg,highway
14,highway_0112.jpg,highway
14,highway_0113.jpg,highway
14,highway_0114.jpg,highway
14,highway_0115.jpg,highway
14,highway_0116.jpg,highway
14,highway_0117.jpg,highway
14,highway_0118.jpg,highway
14,highway_0119.jpg,highway
14,highway_0120.jpg,highway
14,highway_0121.jpg,highway
14,highway_0122.jpg,highway
14,highway_0123.jpg,highway
14,highway_0124.jpg,highway
14,highway_0125.jpg,highway
14,highway_0126.jpg,highway
14,highway_0127.jpg,highway
14,highway_0128.jpg,highway
14,highway_0129.jpg,highway
14,highway_0130.jpg,highway
14,highway_0131.jpg,highway
14,highway_0132.jpg,highway
14,highway_0133.jpg,highway
14,highway_0134.jpg,highway
14,highway_0135.jpg,highway
14,highway_0136.jpg,highway
14,highway_0137.jpg,highway
14,highway_0138.jpg,highway
14,highway_0139.jpg,highway
14,highway_0140.jpg,highway
14,highway_0141.jpg,highway
14,highway_0142.jpg,highway
14,highway_0143.jpg,highway
14,highway_0144.jpg,highway
14,highway_0145.jpg,highway
14,highway_0146.jpg,highway
14,highway_0147.jpg,highway
14,highway_0148.jpg,highway
14,highway_0149.jpg,highway
14,highway_0150.jpg,highway
14,highway_0151.jpg,highway
14,highway_0152.jpg,highway
14,highway_0153.jpg,highway
14,highway_0154.jpg,highway
14,highway_0155.jpg,highway
14,highway_0156.jpg,highway
14,highway_0157.jpg,highway
14,highway_0158.jpg,highway
14,highway_0159.jpg,highway
14,highway_0160.jpg,highway
2,industrial_0001.jpg,industrial
2,industrial_0002.jpg,industrial
2,industrial_0003.jpg,industrial
2,industrial_0004.jpg,industrial
2,industrial_0005.jpg,industrial
2,industrial_0006.jpg,industrial
2,industrial_0007.jpg,industrial
2,industrial_0008.jpg,industrial
2,industrial_0009.jpg,industrial
2,industrial_0010.jpg,industrial
2,industrial_0011.jpg,industrial
2,industrial_0012.jpg,industrial
2,industrial_0013.jpg,industrial
2,industrial_0014.jpg,industrial
2,industrial_0015.jpg,industrial
2,industrial_0016.jpg,industrial
2,industrial_0017.jpg,industrial
2,industrial_0018.jpg,industrial
2,industrial_0019.jpg,industrial
2,industrial_0020.jpg,industrial
2,industrial_0021.jpg,industrial
2,industrial_0022.jpg,industrial
2,industrial_0023.jpg,industrial
2,industrial_0024.jpg,industrial
2,industrial_0025.jpg,industrial
2,industrial_0026.jpg,industrial
2,industrial_0027.jpg,industrial
2,industrial_0028.jpg,industrial
2,industrial_0029.jpg,industrial
2,industrial_0030.jpg,industrial
2,industrial_0031.jpg,industrial
2,industrial_0032.jpg,industrial
2,industrial_0033.jpg,industrial
2,industrial_0034.jpg,industrial
2,industrial_0035.jpg,industrial
2,industrial_0036.jpg,industrial
2,industrial_0037.jpg,industrial
2,industrial_0038.jpg,industrial
2,industrial_0039.jpg,industrial
2,industrial_0040.jpg,industrial
2,industrial_0041.jpg,industrial
2,industrial_0042.jpg,industrial
2,industrial_0043.jpg,industrial
2,industrial_0044.jpg,industrial
2,industrial_0045.jpg,industrial
2,industrial_0046.jpg,industrial
2,industrial_0047.jpg,industrial
2,industrial_0048.jpg,industrial
2,industrial_0049.jpg,industrial
2,industrial_0050.jpg,industrial
2,industrial_0051.jpg,industrial
2,industrial_0052.jpg,industrial
2,industrial_0053.jpg,industrial
2,industrial_0054.jpg,industrial
2,industrial_0055.jpg,industrial
2,industrial_0056.jpg,industrial
2,industrial_0057.jpg,industrial
2,industrial_0058.jpg,industrial
2,industrial_0059.jpg,industrial
2,industrial_0060.jpg,industrial
2,industrial_0061.jpg,industrial
2,industrial_0062.jpg,industrial
2,industrial_0063.jpg,industrial
2,industrial_0064.jpg,industrial
2,industrial_0065.jpg,industrial
2,industrial_0066.jpg,industrial
2,industrial_0067.jpg,industrial
2,industrial_0068.jpg,industrial
2,industrial_0069.jpg,industrial
2,industrial_0070.jpg,industrial
2,industrial_0071.jpg,industrial
2,industrial_0072.jpg,industrial
2,industrial_0073.jpg,industrial
2,industrial_0074.jpg,industrial
2,industrial_0075.jpg,industrial
2,industrial_0076.jpg,industrial
2,industrial_0077.jpg,industrial
2,industrial_0078.jpg,industrial
2,industrial_0079.jpg,industrial
2,industrial_0080.jpg,industrial
2,industrial_0081.jpg,industrial
2,industrial_0082.jpg,industrial
2,industrial_0083.jpg,industrial
2,industrial_0084.jpg,industrial
2,industrial_0085.jpg,industrial
2,industrial_0086.jpg,industrial
2,industrial_0087.jpg,industrial
2,industrial_0088.jpg,industrial
2,industrial_0089.jpg,industrial
2,industrial_0090.jpg,industrial
2,industrial_0091.jpg,industrial
2,industrial_0092.jpg,industrial
2,industrial_0093.jpg,industrial
2,industrial_0094.jpg,industrial
2,industrial_0095.jpg,industrial
2,industrial_0096.jpg,industrial
2,industrial_0097.jpg,industrial
2,industrial_0098.jpg,industrial
2,industrial_0099.jpg,industrial
2,industrial_0100.jpg,industrial
2,industrial_0101.jpg,industrial
2,industrial_0102.jpg,industrial
2,industrial_0103.jpg,industrial
2,industrial_0104.jpg,industrial
2,industrial_0105.jpg,industrial
2,industrial_0106.jpg,industrial
2,industrial_0107.jpg,industrial
2,industrial_0108.jpg,industrial
2,industrial_0109.jpg,industrial
2,industrial_0110.jpg,industrial
2,industrial_0111.jpg,industrial
2,industrial_0112.jpg,industrial
2,industrial_0113.jpg,industrial
2,industrial_0114.jpg,industrial
2,industrial_0115.jpg,industrial
2,industrial_0116.jpg,industrial
2,industrial_0117.jpg,industrial
2,industrial_0118.jpg,industrial
2,industrial_0119.jpg,industrial
2,industrial_0120.jpg,industrial
2,industrial_0121.jpg,industrial
2,industrial_0122.jpg,industrial
2,industrial_0123.jpg,industrial
2,industrial_0124.jpg,industrial
2,industrial_0125.jpg,industrial
2,industrial_0126.jpg,industrial
2,industrial_0127.jpg,industrial
2,industrial_0128.jpg,industrial
2,industrial_0129.jpg,industrial
2,industrial_0130.jpg,industrial
2,industrial_0131.jpg,industrial
2,industrial_0132.jpg,industrial
2,industrial_0133.jpg,industrial
2,industrial_0134.jpg,industrial
2,industrial_0135.jpg,industrial
2,industrial_0136.jpg,industrial
2,industrial_0137.jpg,industrial
2,industrial_0138.jpg,industrial
2,industrial_0139.jpg,industrial
2,industrial_0140.jpg,industrial
2,industrial_0141.jpg,industrial
2,industrial_0142.jpg,industrial
2,industrial_0143.jpg,industrial
2,industrial_0144.jpg,industrial
2,industrial_0145.jpg,industrial
2,industrial_0146.jpg,industrial
2,industrial_0147.jpg,industrial
2,industrial_0148.jpg,industrial
2,industrial_0149.jpg,industrial
2,industrial_0150.jpg,industrial
2,industrial_0151.jpg,industrial
2,industrial_0152.jpg,industrial
2,industrial_0153.jpg,industrial
2,industrial_0154.jpg,industrial
2,industrial_0155.jpg,industrial
2,industrial_0156.jpg,industrial
2,industrial_0157.jpg,industrial
2,industrial_0158.jpg,industrial
2,industrial_0159.jpg,industrial
2,industrial_0160.jpg,industrial
2,industrial_0161.jpg,industrial
2,industrial_0162.jpg,industrial
2,industrial_0163.jpg,industrial
2,industrial_0164.jpg,industrial
2,industrial_0165.jpg,industrial
2,industrial_0166.jpg,industrial
2,industrial_0167.jpg,industrial
2,industrial_0168.jpg,industrial
2,industrial_0169.jpg,industrial
2,industrial_0170.jpg,industrial
2,industrial_0171.jpg,industrial
2,industrial_0172.jpg,industrial
2,industrial_0173.jpg,industrial
2,industrial_0174.jpg,industrial
2,industrial_0175.jpg,industrial
2,industrial_0176.jpg,industrial
2,industrial_0177.jpg,industrial
2,industrial_0178.jpg,industrial
2,industrial_0179.jpg,industrial
2,industrial_0180.jpg,industrial
2,industrial_0181.jpg,industrial
2,industrial_0182.jpg,industrial
2,industrial_0183.jpg,industrial
2,industrial_0184.jpg,industrial
2,industrial_0185.jpg,industrial
2,industrial_0186.jpg,industrial
2,industrial_0187.jpg,industrial
2,industrial_0188.jpg,industrial
2,industrial_0189.jpg,industrial
2,industrial_0190.jpg,industrial
2,industrial_0191.jpg,industrial
2,industrial_0192.jpg,industrial
2,industrial_0193.jpg,industrial
2,industrial_0194.jpg,industrial
2,industrial_0195.jpg,industrial
2,industrial_0196.jpg,industrial
2,industrial_0197.jpg,industrial
2,industrial_0198.jpg,industrial
2,industrial_0199.jpg,industrial
2,industrial_0200.jpg,industrial
2,industrial_0201.jpg,industrial
2,industrial_0202.jpg,industrial
2,industrial_0203.jpg,industrial
2,industrial_0204.jpg,industrial
2,industrial_0205.jpg,industrial
2,industrial_0206.jpg,industrial
2,industrial_0207.jpg,industrial
2,industrial_0208.jpg,industrial
2,industrial_0209.jpg,industrial
2,industrial_0210.jpg,industrial
2,industrial_0211.jpg,industrial
3,insidecity_0001.jpg,insidecity
3,insidecity_0002.jpg,insidecity
3,insidecity_0003.jpg,insidecity
3,insidecity_0004.jpg,insidecity
3,insidecity_0005.jpg,insidecity
3,insidecity_0006.jpg,insidecity
3,insidecity_0007.jpg,insidecity
3,insidecity_0008.jpg,insidecity
3,insidecity_0009.jpg,insidecity
3,insidecity_0010.jpg,insidecity
3,insidecity_0011.jpg,insidecity
3,insidecity_0012.jpg,insidecity
3,insidecity_0013.jpg,insidecity
3,insidecity_0014.jpg,insidecity
3,insidecity_0015.jpg,insidecity
3,insidecity_0016.jpg,insidecity
3,insidecity_0017.jpg,insidecity
3,insidecity_0018.jpg,insidecity
3,insidecity_0019.jpg,insidecity
3,insidecity_0020.jpg,insidecity
3,insidecity_0021.jpg,insidecity
3,insidecity_0022.jpg,insidecity
3,insidecity_0023.jpg,insidecity
3,insidecity_0024.jpg,insidecity
3,insidecity_0025.jpg,insidecity
3,insidecity_0026.jpg,insidecity
3,insidecity_0027.jpg,insidecity
3,insidecity_0028.jpg,insidecity
3,insidecity_0029.jpg,insidecity
3,insidecity_0030.jpg,insidecity
3,insidecity_0031.jpg,insidecity
3,insidecity_0032.jpg,insidecity
3,insidecity_0033.jpg,insidecity
3,insidecity_0034.jpg,insidecity
3,insidecity_0035.jpg,insidecity
3,insidecity_0036.jpg,insidecity
3,insidecity_0037.jpg,insidecity
3,insidecity_0038.jpg,insidecity
3,insidecity_0039.jpg,insidecity
3,insidecity_0040.jpg,insidecity
3,insidecity_0041.jpg,insidecity
3,insidecity_0042.jpg,insidecity
3,insidecity_0043.jpg,insidecity
3,insidecity_0044.jpg,insidecity
3,insidecity_0045.jpg,insidecity
3,insidecity_0046.jpg,insidecity
3,insidecity_0047.jpg,insidecity
3,insidecity_0048.jpg,insidecity
3,insidecity_0049.jpg,insidecity
3,insidecity_0050.jpg,insidecity
3,insidecity_0051.jpg,insidecity
3,insidecity_0052.jpg,insidecity
3,insidecity_0053.jpg,insidecity
3,insidecity_0054.jpg,insidecity
3,insidecity_0055.jpg,insidecity
3,insidecity_0056.jpg,insidecity
3,insidecity_0057.jpg,insidecity
3,insidecity_0058.jpg,insidecity
3,insidecity_0059.jpg,insidecity
3,insidecity_0060.jpg,insidecity
3,insidecity_0061.jpg,insidecity
3,insidecity_0062.jpg,insidecity
3,insidecity_0063.jpg,insidecity
3,insidecity_0064.jpg,insidecity
3,insidecity_0065.jpg,insidecity
3,insidecity_0066.jpg,insidecity
3,insidecity_0067.jpg,insidecity
3,insidecity_0068.jpg,insidecity
3,insidecity_0069.jpg,insidecity
3,insidecity_0070.jpg,insidecity
3,insidecity_0071.jpg,insidecity
3,insidecity_0072.jpg,insidecity
3,insidecity_0073.jpg,insidecity
3,insidecity_0074.jpg,insidecity
3,insidecity_0075.jpg,insidecity
3,insidecity_0076.jpg,insidecity
3,insidecity_0077.jpg,insidecity
3,insidecity_0078.jpg,insidecity
3,insidecity_0079.jpg,insidecity
3,insidecity_0080.jpg,insidecity
3,insidecity_0081.jpg,insidecity
3,insidecity_0082.jpg,insidecity
3,insidecity_0083.jpg,insidecity
3,insidecity_0084.jpg,insidecity
3,insidecity_0085.jpg,insidecity
3,insidecity_0086.jpg,insidecity
3,insidecity_0087.jpg,insidecity
3,insidecity_0088.jpg,insidecity
3,insidecity_0089.jpg,insidecity
3,insidecity_0090.jpg,insidecity
3,insidecity_0091.jpg,insidecity
3,insidecity_0092.jpg,insidecity
3,insidecity_0093.jpg,insidecity
3,insidecity_0094.jpg,insidecity
3,insidecity_0095.jpg,insidecity
3,insidecity_0096.jpg,insidecity
3,insidecity_0097.jpg,insidecity
3,insidecity_0098.jpg,insidecity
3,insidecity_0099.jpg,insidecity
3,insidecity_0100.jpg,insidecity
3,insidecity_0101.jpg,insidecity
3,insidecity_0102.jpg,insidecity
3,insidecity_0103.jpg,insidecity
3,insidecity_0104.jpg,insidecity
3,insidecity_0105.jpg,insidecity
3,insidecity_0106.jpg,insidecity
3,insidecity_0107.jpg,insidecity
3,insidecity_0108.jpg,insidecity
3,insidecity_0109.jpg,insidecity
3,insidecity_0110.jpg,insidecity
3,insidecity_0111.jpg,insidecity
3,insidecity_0112.jpg,insidecity
3,insidecity_0113.jpg,insidecity
3,insidecity_0114.jpg,insidecity
3,insidecity_0115.jpg,insidecity
3,insidecity_0116.jpg,insidecity
3,insidecity_0117.jpg,insidecity
3,insidecity_0118.jpg,insidecity
3,insidecity_0119.jpg,insidecity
3,insidecity_0120.jpg,insidecity
3,insidecity_0121.jpg,insidecity
3,insidecity_0122.jpg,insidecity
3,insidecity_0123.jpg,insidecity
3,insidecity_0124.jpg,insidecity
3,insidecity_0125.jpg,insidecity
3,insidecity_0126.jpg,insidecity
3,insidecity_0127.jpg,insidecity
3,insidecity_0128.jpg,insidecity
3,insidecity_0129.jpg,insidecity
3,insidecity_0130.jpg,insidecity
3,insidecity_0131.jpg,insidecity
3,insidecity_0132.jpg,insidecity
3,insidecity_0133.jpg,insidecity
3,insidecity_0134.jpg,insidecity
3,insidecity_0135.jpg,insidecity
3,insidecity_0136.jpg,insidecity
3,insidecity_0137.jpg,insidecity
3,insidecity_0138.jpg,insidecity
3,insidecity_0139.jpg,insidecity
3,insidecity_0140.jpg,insidecity
3,insidecity_0141.jpg,insidecity
3,insidecity_0142.jpg,insidecity
3,insidecity_0143.jpg,insidecity
3,insidecity_0144.jpg,insidecity
3,insidecity_0145.jpg,insidecity
3,insidecity_0146.jpg,insidecity
3,insidecity_0147.jpg,insidecity
3,insidecity_0148.jpg,insidecity
3,insidecity_0149.jpg,insidecity
3,insidecity_0150.jpg,insidecity
3,insidecity_0151.jpg,insidecity
3,insidecity_0152.jpg,insidecity
3,insidecity_0153.jpg,insidecity
3,insidecity_0154.jpg,insidecity
3,insidecity_0155.jpg,insidecity
3,insidecity_0156.jpg,insidecity
3,insidecity_0157.jpg,insidecity
3,insidecity_0158.jpg,insidecity
3,insidecity_0159.jpg,insidecity
3,insidecity_0160.jpg,insidecity
3,insidecity_0161.jpg,insidecity
3,insidecity_0162.jpg,insidecity
3,insidecity_0163.jpg,insidecity
3,insidecity_0164.jpg,insidecity
3,insidecity_0165.jpg,insidecity
3,insidecity_0166.jpg,insidecity
3,insidecity_0167.jpg,insidecity
3,insidecity_0168.jpg,insidecity
3,insidecity_0169.jpg,insidecity
3,insidecity_0170.jpg,insidecity
3,insidecity_0171.jpg,insidecity
3,insidecity_0172.jpg,insidecity
3,insidecity_0173.jpg,insidecity
3,insidecity_0174.jpg,insidecity
3,insidecity_0175.jpg,insidecity
3,insidecity_0176.jpg,insidecity
3,insidecity_0177.jpg,insidecity
3,insidecity_0178.jpg,insidecity
3,insidecity_0179.jpg,insidecity
3,insidecity_0180.jpg,insidecity
3,insidecity_0181.jpg,insidecity
3,insidecity_0182.jpg,insidecity
3,insidecity_0183.jpg,insidecity
3,insidecity_0184.jpg,insidecity
3,insidecity_0185.jpg,insidecity
3,insidecity_0186.jpg,insidecity
3,insidecity_0187.jpg,insidecity
3,insidecity_0188.jpg,insidecity
3,insidecity_0189.jpg,insidecity
3,insidecity_0190.jpg,insidecity
3,insidecity_0191.jpg,insidecity
3,insidecity_0192.jpg,insidecity
3,insidecity_0193.jpg,insidecity
3,insidecity_0194.jpg,insidecity
3,insidecity_0195.jpg,insidecity
3,insidecity_0196.jpg,insidecity
3,insidecity_0197.jpg,insidecity
3,insidecity_0198.jpg,insidecity
3,insidecity_0199.jpg,insidecity
3,insidecity_0200.jpg,insidecity
3,insidecity_0201.jpg,insidecity
3,insidecity_0202.jpg,insidecity
3,insidecity_0203.jpg,insidecity
3,insidecity_0204.jpg,insidecity
3,insidecity_0205.jpg,insidecity
3,insidecity_0206.jpg,insidecity
3,insidecity_0207.jpg,insidecity
3,insidecity_0208.jpg,insidecity
0,kitchen_0001.jpg,kitchen
0,kitchen_0002.jpg,kitchen
0,kitchen_0003.jpg,kitchen
0,kitchen_0004.jpg,kitchen
0,kitchen_0005.jpg,kitchen
0,kitchen_0006.jpg,kitchen
0,kitchen_0007.jpg,kitchen
0,kitchen_0008.jpg,kitchen
0,kitchen_0009.jpg,kitchen
0,kitchen_0010.jpg,kitchen
0,kitchen_0011.jpg,kitchen
0,kitchen_0012.jpg,kitchen
0,kitchen_0013.jpg,kitchen
0,kitchen_0014.jpg,kitchen
0,kitchen_0015.jpg,kitchen
0,kitchen_0016.jpg,kitchen
0,kitchen_0017.jpg,kitchen
0,kitchen_0018.jpg,kitchen
0,kitchen_0019.jpg,kitchen
0,kitchen_0020.jpg,kitchen
0,kitchen_0021.jpg,kitchen
0,kitchen_0022.jpg,kitchen
0,kitchen_0023.jpg,kitchen
0,kitchen_0024.jpg,kitchen
0,kitchen_0025.jpg,kitchen
0,kitchen_0026.jpg,kitchen
0,kitchen_0027.jpg,kitchen
0,kitchen_0028.jpg,kitchen
0,kitchen_0029.jpg,kitchen
0,kitchen_0030.jpg,kitchen
0,kitchen_0031.jpg,kitchen
0,kitchen_0032.jpg,kitchen
0,kitchen_0033.jpg,kitchen
0,kitchen_0034.jpg,kitchen
0,kitchen_0035.jpg,kitchen
0,kitchen_0036.jpg,kitchen
0,kitchen_0037.jpg,kitchen
0,kitchen_0038.jpg,kitchen
0,kitchen_0039.jpg,kitchen
0,kitchen_0040.jpg,kitchen
0,kitchen_0041.jpg,kitchen
0,kitchen_0042.jpg,kitchen
0,kitchen_0043.jpg,kitchen
0,kitchen_0044.jpg,kitchen
0,kitchen_0045.jpg,kitchen
0,kitchen_0046.jpg,kitchen
0,kitchen_0047.jpg,kitchen
0,kitchen_0048.jpg,kitchen
0,kitchen_0049.jpg,kitchen
0,kitchen_0050.jpg,kitchen
0,kitchen_0051.jpg,kitchen
0,kitchen_0052.jpg,kitchen
0,kitchen_0053.jpg,kitchen
0,kitchen_0054.jpg,kitchen
0,kitchen_0055.jpg,kitchen
0,kitchen_0056.jpg,kitchen
0,kitchen_0057.jpg,kitchen
0,kitchen_0058.jpg,kitchen
0,kitchen_0059.jpg,kitchen
0,kitchen_0060.jpg,kitchen
0,kitchen_0061.jpg,kitchen
0,kitchen_0062.jpg,kitchen
0,kitchen_0063.jpg,kitchen
0,kitchen_0064.jpg,kitchen
0,kitchen_0065.jpg,kitchen
0,kitchen_0066.jpg,kitchen
0,kitchen_0067.jpg,kitchen
0,kitchen_0068.jpg,kitchen
0,kitchen_0069.jpg,kitchen
0,kitchen_0070.jpg,kitchen
0,kitchen_0071.jpg,kitchen
0,kitchen_0072.jpg,kitchen
0,kitchen_0073.jpg,kitchen
0,kitchen_0074.jpg,kitchen
0,kitchen_0075.jpg,kitchen
0,kitchen_0076.jpg,kitchen
0,kitchen_0077.jpg,kitchen
0,kitchen_0078.jpg,kitchen
0,kitchen_0079.jpg,kitchen
0,kitchen_0080.jpg,kitchen
0,kitchen_0081.jpg,kitchen
0,kitchen_0082.jpg,kitchen
0,kitchen_0083.jpg,kitchen
0,kitchen_0084.jpg,kitchen
0,kitchen_0085.jpg,kitchen
0,kitchen_0086.jpg,kitchen
0,kitchen_0087.jpg,kitchen
0,kitchen_0088.jpg,kitchen
0,kitchen_0089.jpg,kitchen
0,kitchen_0090.jpg,kitchen
0,kitchen_0091.jpg,kitchen
0,kitchen_0092.jpg,kitchen
0,kitchen_0093.jpg,kitchen
0,kitchen_0094.jpg,kitchen
0,kitchen_0095.jpg,kitchen
0,kitchen_0096.jpg,kitchen
0,kitchen_0097.jpg,kitchen
0,kitchen_0098.jpg,kitchen
0,kitchen_0099.jpg,kitchen
0,kitchen_0100.jpg,kitchen
0,kitchen_0101.jpg,kitchen
0,kitchen_0102.jpg,kitchen
0,kitchen_0103.jpg,kitchen
0,kitchen_0104.jpg,kitchen
0,kitchen_0105.jpg,kitchen
0,kitchen_0106.jpg,kitchen
0,kitchen_0107.jpg,kitchen
0,kitchen_0108.jpg,kitchen
0,kitchen_0109.jpg,kitchen
0,kitchen_0110.jpg,kitchen
5,livingroom_0001.jpg,livingroom
5,livingroom_0002.jpg,livingroom
5,livingroom_0003.jpg,livingroom
5,livingroom_0004.jpg,livingroom
5,livingroom_0005.jpg,livingroom
5,livingroom_0006.jpg,livingroom
5,livingroom_0007.jpg,livingroom
5,livingroom_0008.jpg,livingroom
5,livingroom_0009.jpg,livingroom
5,livingroom_0010.jpg,livingroom
5,livingroom_0011.jpg,livingroom
5,livingroom_0012.jpg,livingroom
5,livingroom_0013.jpg,livingroom
5,livingroom_0014.jpg,livingroom
5,livingroom_0015.jpg,livingroom
5,livingroom_0016.jpg,livingroom
5,livingroom_0017.jpg,livingroom
5,livingroom_0018.jpg,livingroom
5,livingroom_0019.jpg,livingroom
5,livingroom_0020.jpg,livingroom
5,livingroom_0021.jpg,livingroom
5,livingroom_0022.jpg,livingroom
5,livingroom_0023.jpg,livingroom
5,livingroom_0024.jpg,livingroom
5,livingroom_0025.jpg,livingroom
5,livingroom_0026.jpg,livingroom
5,livingroom_0027.jpg,livingroom
5,livingroom_0028.jpg,livingroom
5,livingroom_0029.jpg,livingroom
5,livingroom_0030.jpg,livingroom
5,livingroom_0031.jpg,livingroom
5,livingroom_0032.jpg,livingroom
5,livingroom_0033.jpg,livingroom
5,livingroom_0034.jpg,livingroom
5,livingroom_0035.jpg,livingroom
5,livingroom_0036.jpg,livingroom
5,livingroom_0037.jpg,livingroom
5,livingroom_0038.jpg,livingroom
5,livingroom_0039.jpg,livingroom
5,livingroom_0040.jpg,livingroom
5,livingroom_0041.jpg,livingroom
5,livingroom_0042.jpg,livingroom
5,livingroom_0043.jpg,livingroom
5,livingroom_0044.jpg,livingroom
5,livingroom_0045.jpg,livingroom
5,livingroom_0046.jpg,livingroom
5,livingroom_0047.jpg,livingroom
5,livingroom_0048.jpg,livingroom
5,livingroom_0049.jpg,livingroom
5,livingroom_0050.jpg,livingroom
5,livingroom_0051.jpg,livingroom
5,livingroom_0052.jpg,livingroom
5,livingroom_0053.jpg,livingroom
5,livingroom_0054.jpg,livingroom
5,livingroom_0055.jpg,livingroom
5,livingroom_0056.jpg,livingroom
5,livingroom_0057.jpg,livingroom
5,livingroom_0058.jpg,livingroom
5,livingroom_0059.jpg,livingroom
5,livingroom_0060.jpg,livingroom
5,livingroom_0061.jpg,livingroom
5,livingroom_0062.jpg,livingroom
5,livingroom_0063.jpg,livingroom
5,livingroom_0064.jpg,livingroom
5,livingroom_0065.jpg,livingroom
5,livingroom_0066.jpg,livingroom
5,livingroom_0067.jpg,livingroom
5,livingroom_0068.jpg,livingroom
5,livingroom_0069.jpg,livingroom
5,livingroom_0070.jpg,livingroom
5,livingroom_0071.jpg,livingroom
5,livingroom_0072.jpg,livingroom
5,livingroom_0073.jpg,livingroom
5,livingroom_0074.jpg,livingroom
5,livingroom_0075.jpg,livingroom
5,livingroom_0076.jpg,livingroom
5,livingroom_0077.jpg,livingroom
5,livingroom_0078.jpg,livingroom
5,livingroom_0079.jpg,livingroom
5,livingroom_0080.jpg,livingroom
5,livingroom_0081.jpg,livingroom
5,livingroom_0082.jpg,livingroom
5,livingroom_0083.jpg,livingroom
5,livingroom_0084.jpg,livingroom
5,livingroom_0085.jpg,livingroom
5,livingroom_0086.jpg,livingroom
5,livingroom_0087.jpg,livingroom
5,livingroom_0088.jpg,livingroom
5,livingroom_0089.jpg,livingroom
5,livingroom_0090.jpg,livingroom
5,livingroom_0091.jpg,livingroom
5,livingroom_0092.jpg,livingroom
5,livingroom_0093.jpg,livingroom
5,livingroom_0094.jpg,livingroom
5,livingroom_0095.jpg,livingroom
5,livingroom_0096.jpg,livingroom
5,livingroom_0097.jpg,livingroom
5,livingroom_0098.jpg,livingroom
5,livingroom_0099.jpg,livingroom
5,livingroom_0100.jpg,livingroom
5,livingroom_0101.jpg,livingroom
5,livingroom_0102.jpg,livingroom
5,livingroom_0103.jpg,livingroom
5,livingroom_0104.jpg,livingroom
5,livingroom_0105.jpg,livingroom
5,livingroom_0106.jpg,livingroom
5,livingroom_0107.jpg,livingroom
5,livingroom_0108.jpg,livingroom
5,livingroom_0109.jpg,livingroom
5,livingroom_0110.jpg,livingroom
5,livingroom_0111.jpg,livingroom
5,livingroom_0112.jpg,livingroom
5,livingroom_0113.jpg,livingroom
5,livingroom_0114.jpg,livingroom
5,livingroom_0115.jpg,livingroom
5,livingroom_0116.jpg,livingroom
5,livingroom_0117.jpg,livingroom
5,livingroom_0118.jpg,livingroom
5,livingroom_0119.jpg,livingroom
5,livingroom_0120.jpg,livingroom
5,livingroom_0121.jpg,livingroom
5,livingroom_0122.jpg,livingroom
5,livingroom_0123.jpg,livingroom
5,livingroom_0124.jpg,livingroom
5,livingroom_0125.jpg,livingroom
5,livingroom_0126.jpg,livingroom
5,livingroom_0127.jpg,livingroom
5,livingroom_0128.jpg,livingroom
5,livingroom_0129.jpg,livingroom
5,livingroom_0130.jpg,livingroom
5,livingroom_0131.jpg,livingroom
5,livingroom_0132.jpg,livingroom
5,livingroom_0133.jpg,livingroom
5,livingroom_0134.jpg,livingroom
5,livingroom_0135.jpg,livingroom
5,livingroom_0136.jpg,livingroom
5,livingroom_0137.jpg,livingroom
5,livingroom_0138.jpg,livingroom
5,livingroom_0139.jpg,livingroom
5,livingroom_0140.jpg,livingroom
5,livingroom_0141.jpg,livingroom
5,livingroom_0142.jpg,livingroom
5,livingroom_0143.jpg,livingroom
5,livingroom_0144.jpg,livingroom
5,livingroom_0145.jpg,livingroom
5,livingroom_0146.jpg,livingroom
5,livingroom_0147.jpg,livingroom
5,livingroom_0148.jpg,livingroom
5,livingroom_0149.jpg,livingroom
5,livingroom_0150.jpg,livingroom
5,livingroom_0151.jpg,livingroom
5,livingroom_0152.jpg,livingroom
5,livingroom_0153.jpg,livingroom
5,livingroom_0154.jpg,livingroom
5,livingroom_0155.jpg,livingroom
5,livingroom_0156.jpg,livingroom
5,livingroom_0157.jpg,livingroom
5,livingroom_0158.jpg,livingroom
5,livingroom_0159.jpg,livingroom
5,livingroom_0160.jpg,livingroom
5,livingroom_0161.jpg,livingroom
5,livingroom_0162.jpg,livingroom
5,livingroom_0163.jpg,livingroom
5,livingroom_0164.jpg,livingroom
5,livingroom_0165.jpg,livingroom
5,livingroom_0166.jpg,livingroom
5,livingroom_0167.jpg,livingroom
5,livingroom_0168.jpg,livingroom
5,livingroom_0169.jpg,livingroom
5,livingroom_0170.jpg,livingroom
5,livingroom_0171.jpg,livingroom
5,livingroom_0172.jpg,livingroom
5,livingroom_0173.jpg,livingroom
5,livingroom_0174.jpg,livingroom
5,livingroom_0175.jpg,livingroom
5,livingroom_0176.jpg,livingroom
5,livingroom_0177.jpg,livingroom
5,livingroom_0178.jpg,livingroom
5,livingroom_0179.jpg,livingroom
5,livingroom_0180.jpg,livingroom
5,livingroom_0181.jpg,livingroom
5,livingroom_0182.jpg,livingroom
5,livingroom_0183.jpg,livingroom
5,livingroom_0184.jpg,livingroom
5,livingroom_0185.jpg,livingroom
5,livingroom_0186.jpg,livingroom
5,livingroom_0187.jpg,livingroom
5,livingroom_0188.jpg,livingroom
5,livingroom_0189.jpg,livingroom
8,mountain_0001.jpg,mountain
8,mountain_0002.jpg,mountain
8,mountain_0003.jpg,mountain
8,mountain_0004.jpg,mountain
8,mountain_0005.jpg,mountain
8,mountain_0006.jpg,mountain
8,mountain_0007.jpg,mountain
8,mountain_0008.jpg,mountain
8,mountain_0009.jpg,mountain
8,mountain_0010.jpg,mountain
8,mountain_0011.jpg,mountain
8,mountain_0012.jpg,mountain
8,mountain_0013.jpg,mountain
8,mountain_0014.jpg,mountain
8,mountain_0015.jpg,mountain
8,mountain_0016.jpg,mountain
8,mountain_0017.jpg,mountain
8,mountain_0018.jpg,mountain
8,mountain_0019.jpg,mountain
8,mountain_0020.jpg,mountain
8,mountain_0021.jpg,mountain
8,mountain_0022.jpg,mountain
8,mountain_0023.jpg,mountain
8,mountain_0024.jpg,mountain
8,mountain_0025.jpg,mountain
8,mountain_0026.jpg,mountain
8,mountain_0027.jpg,mountain
8,mountain_0028.jpg,mountain
8,mountain_0029.jpg,mountain
8,mountain_0030.jpg,mountain
8,mountain_0031.jpg,mountain
8,mountain_0032.jpg,mountain
8,mountain_0033.jpg,mountain
8,mountain_0034.jpg,mountain
8,mountain_0035.jpg,mountain
8,mountain_0036.jpg,mountain
8,mountain_0037.jpg,mountain
8,mountain_0038.jpg,mountain
8,mountain_0039.jpg,mountain
8,mountain_0040.jpg,mountain
8,mountain_0041.jpg,mountain
8,mountain_0042.jpg,mountain
8,mountain_0043.jpg,mountain
8,mountain_0044.jpg,mountain
8,mountain_0045.jpg,mountain
8,mountain_0046.jpg,mountain
8,mountain_0047.jpg,mountain
8,mountain_0048.jpg,mountain
8,mountain_0049.jpg,mountain
8,mountain_0050.jpg,mountain
8,mountain_0051.jpg,mountain
8,mountain_0052.jpg,mountain
8,mountain_0053.jpg,mountain
8,mountain_0054.jpg,mountain
8,mountain_0055.jpg,mountain
8,mountain_0056.jpg,mountain
8,mountain_0057.jpg,mountain
8,mountain_0058.jpg,mountain
8,mountain_0059.jpg,mountain
8,mountain_0060.jpg,mountain
8,mountain_0061.jpg,mountain
8,mountain_0062.jpg,mountain
8,mountain_0063.jpg,mountain
8,mountain_0064.jpg,mountain
8,mountain_0065.jpg,mountain
8,mountain_0066.jpg,mountain
8,mountain_0067.jpg,mountain
8,mountain_0068.jpg,mountain
8,mountain_0069.jpg,mountain
8,mountain_0070.jpg,mountain
8,mountain_0071.jpg,mountain
8,mountain_0072.jpg,mountain
8,mountain_0073.jpg,mountain
8,mountain_0074.jpg,mountain
8,mountain_0075.jpg,mountain
8,mountain_0076.jpg,mountain
8,mountain_0077.jpg,mountain
8,mountain_0078.jpg,mountain
8,mountain_0079.jpg,mountain
8,mountain_0080.jpg,mountain
8,mountain_0081.jpg,mountain
8,mountain_0082.jpg,mountain
8,mountain_0083.jpg,mountain
8,mountain_0084.jpg,mountain
8,mountain_0085.jpg,mountain
8,mountain_0086.jpg,mountain
8,mountain_0087.jpg,mountain
8,mountain_0088.jpg,mountain
8,mountain_0089.jpg,mountain
8,mountain_0090.jpg,mountain
8,mountain_0091.jpg,mountain
8,mountain_0092.jpg,mountain
8,mountain_0093.jpg,mountain
8,mountain_0094.jpg,mountain
8,mountain_0095.jpg,mountain
8,mountain_0096.jpg,mountain
8,mountain_0097.jpg,mountain
8,mountain_0098.jpg,mountain
8,mountain_0099.jpg,mountain
8,mountain_0100.jpg,mountain
8,mountain_0101.jpg,mountain
8,mountain_0102.jpg,mountain
8,mountain_0103.jpg,mountain
8,mountain_0104.jpg,mountain
8,mountain_0105.jpg,mountain
8,mountain_0106.jpg,mountain
8,mountain_0107.jpg,mountain
8,mountain_0108.jpg,mountain
8,mountain_0109.jpg,mountain
8,mountain_0110.jpg,mountain
8,mountain_0111.jpg,mountain
8,mountain_0112.jpg,mountain
8,mountain_0113.jpg,mountain
8,mountain_0114.jpg,mountain
8,mountain_0115.jpg,mountain
8,mountain_0116.jpg,mountain
8,mountain_0117.jpg,mountain
8,mountain_0118.jpg,mountain
8,mountain_0119.jpg,mountain
8,mountain_0120.jpg,mountain
8,mountain_0121.jpg,mountain
8,mountain_0122.jpg,mountain
8,mountain_0123.jpg,mountain
8,mountain_0124.jpg,mountain
8,mountain_0125.jpg,mountain
8,mountain_0126.jpg,mountain
8,mountain_0127.jpg,mountain
8,mountain_0128.jpg,mountain
8,mountain_0129.jpg,mountain
8,mountain_0130.jpg,mountain
8,mountain_0131.jpg,mountain
8,mountain_0132.jpg,mountain
8,mountain_0133.jpg,mountain
8,mountain_0134.jpg,mountain
8,mountain_0135.jpg,mountain
8,mountain_0136.jpg,mountain
8,mountain_0137.jpg,mountain
8,mountain_0138.jpg,mountain
8,mountain_0139.jpg,mountain
8,mountain_0140.jpg,mountain
8,mountain_0141.jpg,mountain
8,mountain_0142.jpg,mountain
8,mountain_0143.jpg,mountain
8,mountain_0144.jpg,mountain
8,mountain_0145.jpg,mountain
8,mountain_0146.jpg,mountain
8,mountain_0147.jpg,mountain
8,mountain_0148.jpg,mountain
8,mountain_0149.jpg,mountain
8,mountain_0150.jpg,mountain
8,mountain_0151.jpg,mountain
8,mountain_0152.jpg,mountain
8,mountain_0153.jpg,mountain
8,mountain_0154.jpg,mountain
8,mountain_0155.jpg,mountain
8,mountain_0156.jpg,mountain
8,mountain_0157.jpg,mountain
8,mountain_0158.jpg,mountain
8,mountain_0159.jpg,mountain
8,mountain_0160.jpg,mountain
8,mountain_0161.jpg,mountain
8,mountain_0162.jpg,mountain
8,mountain_0163.jpg,mountain
8,mountain_0164.jpg,mountain
8,mountain_0165.jpg,mountain
8,mountain_0166.jpg,mountain
8,mountain_0167.jpg,mountain
8,mountain_0168.jpg,mountain
8,mountain_0169.jpg,mountain
8,mountain_0170.jpg,mountain
8,mountain_0171.jpg,mountain
8,mountain_0172.jpg,mountain
8,mountain_0173.jpg,mountain
8,mountain_0174.jpg,mountain
8,mountain_0175.jpg,mountain
8,mountain_0176.jpg,mountain
8,mountain_0177.jpg,mountain
8,mountain_0178.jpg,mountain
8,mountain_0179.jpg,mountain
8,mountain_0180.jpg,mountain
8,mountain_0181.jpg,mountain
8,mountain_0182.jpg,mountain
8,mountain_0183.jpg,mountain
8,mountain_0184.jpg,mountain
8,mountain_0185.jpg,mountain
8,mountain_0186.jpg,mountain
8,mountain_0187.jpg,mountain
8,mountain_0188.jpg,mountain
8,mountain_0189.jpg,mountain
8,mountain_0190.jpg,mountain
8,mountain_0191.jpg,mountain
8,mountain_0192.jpg,mountain
8,mountain_0193.jpg,mountain
8,mountain_0194.jpg,mountain
8,mountain_0195.jpg,mountain
8,mountain_0196.jpg,mountain
8,mountain_0197.jpg,mountain
8,mountain_0198.jpg,mountain
8,mountain_0199.jpg,mountain
8,mountain_0200.jpg,mountain
8,mountain_0201.jpg,mountain
8,mountain_0202.jpg,mountain
8,mountain_0203.jpg,mountain
8,mountain_0204.jpg,mountain
8,mountain_0205.jpg,mountain
8,mountain_0206.jpg,mountain
8,mountain_0207.jpg,mountain
8,mountain_0208.jpg,mountain
8,mountain_0209.jpg,mountain
8,mountain_0210.jpg,mountain
8,mountain_0211.jpg,mountain
8,mountain_0212.jpg,mountain
8,mountain_0213.jpg,mountain
8,mountain_0214.jpg,mountain
8,mountain_0215.jpg,mountain
8,mountain_0216.jpg,mountain
8,mountain_0217.jpg,mountain
8,mountain_0218.jpg,mountain
8,mountain_0219.jpg,mountain
8,mountain_0220.jpg,mountain
8,mountain_0221.jpg,mountain
8,mountain_0222.jpg,mountain
8,mountain_0223.jpg,mountain
8,mountain_0224.jpg,mountain
8,mountain_0225.jpg,mountain
8,mountain_0226.jpg,mountain
8,mountain_0227.jpg,mountain
8,mountain_0228.jpg,mountain
8,mountain_0229.jpg,mountain
8,mountain_0230.jpg,mountain
8,mountain_0231.jpg,mountain
8,mountain_0232.jpg,mountain
8,mountain_0233.jpg,mountain
8,mountain_0234.jpg,mountain
8,mountain_0235.jpg,mountain
8,mountain_0236.jpg,mountain
8,mountain_0237.jpg,mountain
8,mountain_0238.jpg,mountain
8,mountain_0239.jpg,mountain
8,mountain_0240.jpg,mountain
8,mountain_0241.jpg,mountain
8,mountain_0242.jpg,mountain
8,mountain_0243.jpg,mountain
8,mountain_0244.jpg,mountain
8,mountain_0245.jpg,mountain
8,mountain_0246.jpg,mountain
8,mountain_0247.jpg,mountain
8,mountain_0248.jpg,mountain
8,mountain_0249.jpg,mountain
8,mountain_0250.jpg,mountain
8,mountain_0251.jpg,mountain
8,mountain_0252.jpg,mountain
8,mountain_0253.jpg,mountain
8,mountain_0254.jpg,mountain
8,mountain_0255.jpg,mountain
8,mountain_0256.jpg,mountain
8,mountain_0257.jpg,mountain
8,mountain_0258.jpg,mountain
8,mountain_0259.jpg,mountain
8,mountain_0260.jpg,mountain
8,mountain_0261.jpg,mountain
8,mountain_0262.jpg,mountain
8,mountain_0263.jpg,mountain
8,mountain_0264.jpg,mountain
8,mountain_0265.jpg,mountain
8,mountain_0266.jpg,mountain
8,mountain_0267.jpg,mountain
8,mountain_0268.jpg,mountain
8,mountain_0269.jpg,mountain
8,mountain_0270.jpg,mountain
8,mountain_0271.jpg,mountain
8,mountain_0272.jpg,mountain
8,mountain_0273.jpg,mountain
8,mountain_0274.jpg,mountain
6,opencountry_0001.jpg,opencountry
6,opencountry_0002.jpg,opencountry
6,opencountry_0003.jpg,opencountry
6,opencountry_0004.jpg,opencountry
6,opencountry_0005.jpg,opencountry
6,opencountry_0006.jpg,opencountry
6,opencountry_0007.jpg,opencountry
6,opencountry_0008.jpg,opencountry
6,opencountry_0009.jpg,opencountry
6,opencountry_0010.jpg,opencountry
6,opencountry_0011.jpg,opencountry
6,opencountry_0012.jpg,opencountry
6,opencountry_0013.jpg,opencountry
6,opencountry_0014.jpg,opencountry
6,opencountry_0015.jpg,opencountry
6,opencountry_0016.jpg,opencountry
6,opencountry_0017.jpg,opencountry
6,opencountry_0018.jpg,opencountry
6,opencountry_0019.jpg,opencountry
6,opencountry_0020.jpg,opencountry
6,opencountry_0021.jpg,opencountry
6,opencountry_0022.jpg,opencountry
6,opencountry_0023.jpg,opencountry
6,opencountry_0024.jpg,opencountry
6,opencountry_0025.jpg,opencountry
6,opencountry_0026.jpg,opencountry
6,opencountry_0027.jpg,opencountry
6,opencountry_0028.jpg,opencountry
6,opencountry_0029.jpg,opencountry
6,opencountry_0030.jpg,opencountry
6,opencountry_0031.jpg,opencountry
6,opencountry_0032.jpg,opencountry
6,opencountry_0033.jpg,opencountry
6,opencountry_0034.jpg,opencountry
6,opencountry_0035.jpg,opencountry
6,opencountry_0036.jpg,opencountry
6,opencountry_0037.jpg,opencountry
6,opencountry_0038.jpg,opencountry
6,opencountry_0039.jpg,opencountry
6,opencountry_0040.jpg,opencountry
6,opencountry_0041.jpg,opencountry
6,opencountry_0042.jpg,opencountry
6,opencountry_0043.jpg,opencountry
6,opencountry_0044.jpg,opencountry
6,opencountry_0045.jpg,opencountry
6,opencountry_0046.jpg,opencountry
6,opencountry_0047.jpg,opencountry
6,opencountry_0048.jpg,opencountry
6,opencountry_0049.jpg,opencountry
6,opencountry_0050.jpg,opencountry
6,opencountry_0051.jpg,opencountry
6,opencountry_0052.jpg,opencountry
6,opencountry_0053.jpg,opencountry
6,opencountry_0054.jpg,opencountry
6,opencountry_0055.jpg,opencountry
6,opencountry_0056.jpg,opencountry
6,opencountry_0057.jpg,opencountry
6,opencountry_0058.jpg,opencountry
6,opencountry_0059.jpg,opencountry
6,opencountry_0060.jpg,opencountry
6,opencountry_0061.jpg,opencountry
6,opencountry_0062.jpg,opencountry
6,opencountry_0063.jpg,opencountry
6,opencountry_0064.jpg,opencountry
6,opencountry_0065.jpg,opencountry
6,opencountry_0066.jpg,opencountry
6,opencountry_0067.jpg,opencountry
6,opencountry_0068.jpg,opencountry
6,opencountry_0069.jpg,opencountry
6,opencountry_0070.jpg,opencountry
6,opencountry_0071.jpg,opencountry
6,opencountry_0072.jpg,opencountry
6,opencountry_0073.jpg,opencountry
6,opencountry_0074.jpg,opencountry
6,opencountry_0075.jpg,opencountry
6,opencountry_0076.jpg,opencountry
6,opencountry_0077.jpg,opencountry
6,opencountry_0078.jpg,opencountry
6,opencountry_0079.jpg,opencountry
6,opencountry_0080.jpg,opencountry
6,opencountry_0081.jpg,opencountry
6,opencountry_0082.jpg,opencountry
6,opencountry_0083.jpg,opencountry
6,opencountry_0084.jpg,opencountry
6,opencountry_0085.jpg,opencountry
6,opencountry_0086.jpg,opencountry
6,opencountry_0087.jpg,opencountry
6,opencountry_0088.jpg,opencountry
6,opencountry_0089.jpg,opencountry
6,opencountry_0090.jpg,opencountry
6,opencountry_0091.jpg,opencountry
6,opencountry_0092.jpg,opencountry
6,opencountry_0093.jpg,opencountry
6,opencountry_0094.jpg,opencountry
6,opencountry_0095.jpg,opencountry
6,opencountry_0096.jpg,opencountry
6,opencountry_0097.jpg,opencountry
6,opencountry_0098.jpg,opencountry
6,opencountry_0099.jpg,opencountry
6,opencountry_0100.jpg,opencountry
6,opencountry_0101.jpg,opencountry
6,opencountry_0102.jpg,opencountry
6,opencountry_0103.jpg,opencountry
6,opencountry_0104.jpg,opencountry
6,opencountry_0105.jpg,opencountry
6,opencountry_0106.jpg,opencountry
6,opencountry_0107.jpg,opencountry
6,opencountry_0108.jpg,opencountry
6,opencountry_0109.jpg,opencountry
6,opencountry_0110.jpg,opencountry
6,opencountry_0111.jpg,opencountry
6,opencountry_0112.jpg,opencountry
6,opencountry_0113.jpg,opencountry
6,opencountry_0114.jpg,opencountry
6,opencountry_0115.jpg,opencountry
6,opencountry_0116.jpg,opencountry
6,opencountry_0117.jpg,opencountry
6,opencountry_0118.jpg,opencountry
6,opencountry_0119.jpg,opencountry
6,opencountry_0120.jpg,opencountry
6,opencountry_0121.jpg,opencountry
6,opencountry_0122.jpg,opencountry
6,opencountry_0123.jpg,opencountry
6,opencountry_0124.jpg,opencountry
6,opencountry_0125.jpg,opencountry
6,opencountry_0126.jpg,opencountry
6,opencountry_0127.jpg,opencountry
6,opencountry_0128.jpg,opencountry
6,opencountry_0129.jpg,opencountry
6,opencountry_0130.jpg,opencountry
6,opencountry_0131.jpg,opencountry
6,opencountry_0132.jpg,opencountry
6,opencountry_0133.jpg,opencountry
6,opencountry_0134.jpg,opencountry
6,opencountry_0135.jpg,opencountry
6,opencountry_0136.jpg,opencountry
6,opencountry_0137.jpg,opencountry
6,opencountry_0138.jpg,opencountry
6,opencountry_0139.jpg,opencountry
6,opencountry_0140.jpg,opencountry
6,opencountry_0141.jpg,opencountry
6,opencountry_0142.jpg,opencountry
6,opencountry_0143.jpg,opencountry
6,opencountry_0144.jpg,opencountry
6,opencountry_0145.jpg,opencountry
6,opencountry_0146.jpg,opencountry
6,opencountry_0147.jpg,opencountry
6,opencountry_0148.jpg,opencountry
6,opencountry_0149.jpg,opencountry
6,opencountry_0150.jpg,opencountry
6,opencountry_0151.jpg,opencountry
6,opencountry_0152.jpg,opencountry
6,opencountry_0153.jpg,opencountry
6,opencountry_0154.jpg,opencountry
6,opencountry_0155.jpg,opencountry
6,opencountry_0156.jpg,opencountry
6,opencountry_0157.jpg,opencountry
6,opencountry_0158.jpg,opencountry
6,opencountry_0159.jpg,opencountry
6,opencountry_0160.jpg,opencountry
6,opencountry_0161.jpg,opencountry
6,opencountry_0162.jpg,opencountry
6,opencountry_0163.jpg,opencountry
6,opencountry_0164.jpg,opencountry
6,opencountry_0165.jpg,opencountry
6,opencountry_0166.jpg,opencountry
6,opencountry_0167.jpg,opencountry
6,opencountry_0168.jpg,opencountry
6,opencountry_0169.jpg,opencountry
6,opencountry_0170.jpg,opencountry
6,opencountry_0171.jpg,opencountry
6,opencountry_0172.jpg,opencountry
6,opencountry_0173.jpg,opencountry
6,opencountry_0174.jpg,opencountry
6,opencountry_0175.jpg,opencountry
6,opencountry_0176.jpg,opencountry
6,opencountry_0177.jpg,opencountry
6,opencountry_0178.jpg,opencountry
6,opencountry_0179.jpg,opencountry
6,opencountry_0180.jpg,opencountry
6,opencountry_0181.jpg,opencountry
6,opencountry_0182.jpg,opencountry
6,opencountry_0183.jpg,opencountry
6,opencountry_0184.jpg,opencountry
6,opencountry_0185.jpg,opencountry
6,opencountry_0186.jpg,opencountry
6,opencountry_0187.jpg,opencountry
6,opencountry_0188.jpg,opencountry
6,opencountry_0189.jpg,opencountry
6,opencountry_0190.jpg,opencountry
6,opencountry_0191.jpg,opencountry
6,opencountry_0192.jpg,opencountry
6,opencountry_0193.jpg,opencountry
6,opencountry_0194.jpg,opencountry
6,opencountry_0195.jpg,opencountry
6,opencountry_0196.jpg,opencountry
6,opencountry_0197.jpg,opencountry
6,opencountry_0198.jpg,opencountry
6,opencountry_0199.jpg,opencountry
6,opencountry_0200.jpg,opencountry
6,opencountry_0201.jpg,opencountry
6,opencountry_0202.jpg,opencountry
6,opencountry_0203.jpg,opencountry
6,opencountry_0204.jpg,opencountry
6,opencountry_0205.jpg,opencountry
6,opencountry_0206.jpg,opencountry
6,opencountry_0207.jpg,opencountry
6,opencountry_0208.jpg,opencountry
6,opencountry_0209.jpg,opencountry
6,opencountry_0210.jpg,opencountry
6,opencountry_0211.jpg,opencountry
6,opencountry_0212.jpg,opencountry
6,opencountry_0213.jpg,opencountry
6,opencountry_0214.jpg,opencountry
6,opencountry_0215.jpg,opencountry
6,opencountry_0216.jpg,opencountry
6,opencountry_0217.jpg,opencountry
6,opencountry_0218.jpg,opencountry
6,opencountry_0219.jpg,opencountry
6,opencountry_0220.jpg,opencountry
6,opencountry_0221.jpg,opencountry
6,opencountry_0222.jpg,opencountry
6,opencountry_0223.jpg,opencountry
6,opencountry_0224.jpg,opencountry
6,opencountry_0225.jpg,opencountry
6,opencountry_0226.jpg,opencountry
6,opencountry_0227.jpg,opencountry
6,opencountry_0228.jpg,opencountry
6,opencountry_0229.jpg,opencountry
6,opencountry_0230.jpg,opencountry
6,opencountry_0231.jpg,opencountry
6,opencountry_0232.jpg,opencountry
6,opencountry_0233.jpg,opencountry
6,opencountry_0234.jpg,opencountry
6,opencountry_0235.jpg,opencountry
6,opencountry_0236.jpg,opencountry
6,opencountry_0237.jpg,opencountry
6,opencountry_0238.jpg,opencountry
6,opencountry_0239.jpg,opencountry
6,opencountry_0240.jpg,opencountry
6,opencountry_0241.jpg,opencountry
6,opencountry_0242.jpg,opencountry
6,opencountry_0243.jpg,opencountry
6,opencountry_0244.jpg,opencountry
6,opencountry_0245.jpg,opencountry
6,opencountry_0246.jpg,opencountry
6,opencountry_0247.jpg,opencountry
6,opencountry_0248.jpg,opencountry
6,opencountry_0249.jpg,opencountry
6,opencountry_0250.jpg,opencountry
6,opencountry_0251.jpg,opencountry
6,opencountry_0252.jpg,opencountry
6,opencountry_0253.jpg,opencountry
6,opencountry_0254.jpg,opencountry
6,opencountry_0255.jpg,opencountry
6,opencountry_0256.jpg,opencountry
6,opencountry_0257.jpg,opencountry
6,opencountry_0258.jpg,opencountry
6,opencountry_0259.jpg,opencountry
6,opencountry_0260.jpg,opencountry
6,opencountry_0261.jpg,opencountry
6,opencountry_0262.jpg,opencountry
6,opencountry_0263.jpg,opencountry
6,opencountry_0264.jpg,opencountry
6,opencountry_0265.jpg,opencountry
6,opencountry_0266.jpg,opencountry
6,opencountry_0267.jpg,opencountry
6,opencountry_0268.jpg,opencountry
6,opencountry_0269.jpg,opencountry
6,opencountry_0270.jpg,opencountry
6,opencountry_0271.jpg,opencountry
6,opencountry_0272.jpg,opencountry
6,opencountry_0273.jpg,opencountry
6,opencountry_0274.jpg,opencountry
6,opencountry_0275.jpg,opencountry
6,opencountry_0276.jpg,opencountry
6,opencountry_0277.jpg,opencountry
6,opencountry_0278.jpg,opencountry
6,opencountry_0279.jpg,opencountry
6,opencountry_0280.jpg,opencountry
6,opencountry_0281.jpg,opencountry
6,opencountry_0282.jpg,opencountry
6,opencountry_0283.jpg,opencountry
6,opencountry_0284.jpg,opencountry
6,opencountry_0285.jpg,opencountry
6,opencountry_0286.jpg,opencountry
6,opencountry_0287.jpg,opencountry
6,opencountry_0288.jpg,opencountry
6,opencountry_0289.jpg,opencountry
6,opencountry_0290.jpg,opencountry
6,opencountry_0291.jpg,opencountry
6,opencountry_0292.jpg,opencountry
6,opencountry_0293.jpg,opencountry
6,opencountry_0294.jpg,opencountry
6,opencountry_0295.jpg,opencountry
6,opencountry_0296.jpg,opencountry
6,opencountry_0297.jpg,opencountry
6,opencountry_0298.jpg,opencountry
6,opencountry_0299.jpg,opencountry
6,opencountry_0300.jpg,opencountry
6,opencountry_0301.jpg,opencountry
6,opencountry_0302.jpg,opencountry
6,opencountry_0303.jpg,opencountry
6,opencountry_0304.jpg,opencountry
6,opencountry_0305.jpg,opencountry
6,opencountry_0306.jpg,opencountry
6,opencountry_0307.jpg,opencountry
6,opencountry_0308.jpg,opencountry
6,opencountry_0309.jpg,opencountry
6,opencountry_0310.jpg,opencountry
7,PARoffice_0001.jpg,PARoffice
7,PARoffice_0002.jpg,PARoffice
7,PARoffice_0003.jpg,PARoffice
7,PARoffice_0004.jpg,PARoffice
7,PARoffice_0005.jpg,PARoffice
7,PARoffice_0006.jpg,PARoffice
7,PARoffice_0007.jpg,PARoffice
7,PARoffice_0008.jpg,PARoffice
7,PARoffice_0009.jpg,PARoffice
7,PARoffice_0010.jpg,PARoffice
7,PARoffice_0011.jpg,PARoffice
7,PARoffice_0012.jpg,PARoffice
7,PARoffice_0013.jpg,PARoffice
7,PARoffice_0014.jpg,PARoffice
7,PARoffice_0015.jpg,PARoffice
7,PARoffice_0016.jpg,PARoffice
7,PARoffice_0017.jpg,PARoffice
7,PARoffice_0018.jpg,PARoffice
7,PARoffice_0019.jpg,PARoffice
7,PARoffice_0020.jpg,PARoffice
7,PARoffice_0021.jpg,PARoffice
7,PARoffice_0022.jpg,PARoffice
7,PARoffice_0023.jpg,PARoffice
7,PARoffice_0024.jpg,PARoffice
7,PARoffice_0025.jpg,PARoffice
7,PARoffice_0026.jpg,PARoffice
7,PARoffice_0027.jpg,PARoffice
7,PARoffice_0028.jpg,PARoffice
7,PARoffice_0029.jpg,PARoffice
7,PARoffice_0030.jpg,PARoffice
7,PARoffice_0031.jpg,PARoffice
7,PARoffice_0032.jpg,PARoffice
7,PARoffice_0033.jpg,PARoffice
7,PARoffice_0034.jpg,PARoffice
7,PARoffice_0035.jpg,PARoffice
7,PARoffice_0036.jpg,PARoffice
7,PARoffice_0037.jpg,PARoffice
7,PARoffice_0038.jpg,PARoffice
7,PARoffice_0039.jpg,PARoffice
7,PARoffice_0040.jpg,PARoffice
7,PARoffice_0041.jpg,PARoffice
7,PARoffice_0042.jpg,PARoffice
7,PARoffice_0043.jpg,PARoffice
7,PARoffice_0044.jpg,PARoffice
7,PARoffice_0045.jpg,PARoffice
7,PARoffice_0046.jpg,PARoffice
7,PARoffice_0047.jpg,PARoffice
7,PARoffice_0048.jpg,PARoffice
7,PARoffice_0049.jpg,PARoffice
7,PARoffice_0050.jpg,PARoffice
7,PARoffice_0051.jpg,PARoffice
7,PARoffice_0052.jpg,PARoffice
7,PARoffice_0053.jpg,PARoffice
7,PARoffice_0054.jpg,PARoffice
7,PARoffice_0055.jpg,PARoffice
7,PARoffice_0056.jpg,PARoffice
7,PARoffice_0057.jpg,PARoffice
7,PARoffice_0058.jpg,PARoffice
7,PARoffice_0059.jpg,PARoffice
7,PARoffice_0060.jpg,PARoffice
7,PARoffice_0061.jpg,PARoffice
7,PARoffice_0062.jpg,PARoffice
7,PARoffice_0063.jpg,PARoffice
7,PARoffice_0064.jpg,PARoffice
7,PARoffice_0065.jpg,PARoffice
7,PARoffice_0066.jpg,PARoffice
7,PARoffice_0067.jpg,PARoffice
7,PARoffice_0068.jpg,PARoffice
7,PARoffice_0069.jpg,PARoffice
7,PARoffice_0070.jpg,PARoffice
7,PARoffice_0071.jpg,PARoffice
7,PARoffice_0072.jpg,PARoffice
7,PARoffice_0073.jpg,PARoffice
7,PARoffice_0074.jpg,PARoffice
7,PARoffice_0075.jpg,PARoffice
7,PARoffice_0076.jpg,PARoffice
7,PARoffice_0077.jpg,PARoffice
7,PARoffice_0078.jpg,PARoffice
7,PARoffice_0079.jpg,PARoffice
7,PARoffice_0080.jpg,PARoffice
7,PARoffice_0081.jpg,PARoffice
7,PARoffice_0082.jpg,PARoffice
7,PARoffice_0083.jpg,PARoffice
7,PARoffice_0084.jpg,PARoffice
7,PARoffice_0085.jpg,PARoffice
7,PARoffice_0086.jpg,PARoffice
7,PARoffice_0087.jpg,PARoffice
7,PARoffice_0088.jpg,PARoffice
7,PARoffice_0089.jpg,PARoffice
7,PARoffice_0090.jpg,PARoffice
7,PARoffice_0091.jpg,PARoffice
7,PARoffice_0092.jpg,PARoffice
7,PARoffice_0093.jpg,PARoffice
7,PARoffice_0094.jpg,PARoffice
7,PARoffice_0095.jpg,PARoffice
7,PARoffice_0096.jpg,PARoffice
7,PARoffice_0097.jpg,PARoffice
7,PARoffice_0098.jpg,PARoffice
7,PARoffice_0099.jpg,PARoffice
7,PARoffice_0100.jpg,PARoffice
7,PARoffice_0101.jpg,PARoffice
7,PARoffice_0102.jpg,PARoffice
7,PARoffice_0103.jpg,PARoffice
7,PARoffice_0104.jpg,PARoffice
7,PARoffice_0105.jpg,PARoffice
7,PARoffice_0106.jpg,PARoffice
7,PARoffice_0107.jpg,PARoffice
7,PARoffice_0108.jpg,PARoffice
7,PARoffice_0109.jpg,PARoffice
7,PARoffice_0110.jpg,PARoffice
7,PARoffice_0111.jpg,PARoffice
7,PARoffice_0112.jpg,PARoffice
7,PARoffice_0113.jpg,PARoffice
7,PARoffice_0114.jpg,PARoffice
7,PARoffice_0115.jpg,PARoffice
11,store_0001.jpg,store
11,store_0002.jpg,store
11,store_0003.jpg,store
11,store_0004.jpg,store
11,store_0005.jpg,store
11,store_0006.jpg,store
11,store_0007.jpg,store
11,store_0008.jpg,store
11,store_0009.jpg,store
11,store_0010.jpg,store
11,store_0011.jpg,store
11,store_0012.jpg,store
11,store_0013.jpg,store
11,store_0014.jpg,store
11,store_0015.jpg,store
11,store_0016.jpg,store
11,store_0017.jpg,store
11,store_0018.jpg,store
11,store_0019.jpg,store
11,store_0020.jpg,store
11,store_0021.jpg,store
11,store_0022.jpg,store
11,store_0023.jpg,store
11,store_0024.jpg,store
11,store_0025.jpg,store
11,store_0026.jpg,store
11,store_0027.jpg,store
11,store_0028.jpg,store
11,store_0029.jpg,store
11,store_0030.jpg,store
11,store_0031.jpg,store
11,store_0032.jpg,store
11,store_0033.jpg,store
11,store_0034.jpg,store
11,store_0035.jpg,store
11,store_0036.jpg,store
11,store_0037.jpg,store
11,store_0038.jpg,store
11,store_0039.jpg,store
11,store_0040.jpg,store
11,store_0041.jpg,store
11,store_0042.jpg,store
11,store_0043.jpg,store
11,store_0044.jpg,store
11,store_0045.jpg,store
11,store_0046.jpg,store
11,store_0047.jpg,store
11,store_0048.jpg,store
11,store_0049.jpg,store
11,store_0050.jpg,store
11,store_0051.jpg,store
11,store_0052.jpg,store
11,store_0053.jpg,store
11,store_0054.jpg,store
11,store_0055.jpg,store
11,store_0056.jpg,store
11,store_0057.jpg,store
11,store_0058.jpg,store
11,store_0059.jpg,store
11,store_0060.jpg,store
11,store_0061.jpg,store
11,store_0062.jpg,store
11,store_0063.jpg,store
11,store_0064.jpg,store
11,store_0065.jpg,store
11,store_0066.jpg,store
11,store_0067.jpg,store
11,store_0068.jpg,store
11,store_0069.jpg,store
11,store_0070.jpg,store
11,store_0071.jpg,store
11,store_0072.jpg,store
11,store_0073.jpg,store
11,store_0074.jpg,store
11,store_0075.jpg,store
11,store_0076.jpg,store
11,store_0077.jpg,store
11,store_0078.jpg,store
11,store_0079.jpg,store
11,store_0080.jpg,store
11,store_0081.jpg,store
11,store_0082.jpg,store
11,store_0083.jpg,store
11,store_0084.jpg,store
11,store_0085.jpg,store
11,store_0086.jpg,store
11,store_0087.jpg,store
11,store_0088.jpg,store
11,store_0089.jpg,store
11,store_0090.jpg,store
11,store_0091.jpg,store
11,store_0092.jpg,store
11,store_0093.jpg,store
11,store_0094.jpg,store
11,store_0095.jpg,store
11,store_0096.jpg,store
11,store_0097.jpg,store
11,store_0098.jpg,store
11,store_0099.jpg,store
11,store_0100.jpg,store
11,store_0101.jpg,store
11,store_0102.jpg,store
11,store_0103.jpg,store
11,store_0104.jpg,store
11,store_0105.jpg,store
11,store_0106.jpg,store
11,store_0107.jpg,store
11,store_0108.jpg,store
11,store_0109.jpg,store
11,store_0110.jpg,store
11,store_0111.jpg,store
11,store_0112.jpg,store
11,store_0113.jpg,store
11,store_0114.jpg,store
11,store_0115.jpg,store
11,store_0116.jpg,store
11,store_0117.jpg,store
11,store_0118.jpg,store
11,store_0119.jpg,store
11,store_0120.jpg,store
11,store_0121.jpg,store
11,store_0122.jpg,store
11,store_0123.jpg,store
11,store_0124.jpg,store
11,store_0125.jpg,store
11,store_0126.jpg,store
11,store_0127.jpg,store
11,store_0128.jpg,store
11,store_0129.jpg,store
11,store_0130.jpg,store
11,store_0131.jpg,store
11,store_0132.jpg,store
11,store_0133.jpg,store
11,store_0134.jpg,store
11,store_0135.jpg,store
11,store_0136.jpg,store
11,store_0137.jpg,store
11,store_0138.jpg,store
11,store_0139.jpg,store
11,store_0140.jpg,store
11,store_0141.jpg,store
11,store_0142.jpg,store
11,store_0143.jpg,store
11,store_0144.jpg,store
11,store_0145.jpg,store
11,store_0146.jpg,store
11,store_0147.jpg,store
11,store_0148.jpg,store
11,store_0149.jpg,store
11,store_0150.jpg,store
11,store_0151.jpg,store
11,store_0152.jpg,store
11,store_0153.jpg,store
11,store_0154.jpg,store
11,store_0155.jpg,store
11,store_0156.jpg,store
11,store_0157.jpg,store
11,store_0158.jpg,store
11,store_0159.jpg,store
11,store_0160.jpg,store
11,store_0161.jpg,store
11,store_0162.jpg,store
11,store_0163.jpg,store
11,store_0164.jpg,store
11,store_0165.jpg,store
11,store_0166.jpg,store
11,store_0167.jpg,store
11,store_0168.jpg,store
11,store_0169.jpg,store
11,store_0170.jpg,store
11,store_0171.jpg,store
11,store_0172.jpg,store
11,store_0173.jpg,store
11,store_0174.jpg,store
11,store_0175.jpg,store
11,store_0176.jpg,store
11,store_0177.jpg,store
11,store_0178.jpg,store
11,store_0179.jpg,store
11,store_0180.jpg,store
11,store_0181.jpg,store
11,store_0182.jpg,store
11,store_0183.jpg,store
11,store_0184.jpg,store
11,store_0185.jpg,store
11,store_0186.jpg,store
11,store_0187.jpg,store
11,store_0188.jpg,store
11,store_0189.jpg,store
11,store_0190.jpg,store
11,store_0191.jpg,store
11,store_0192.jpg,store
11,store_0193.jpg,store
11,store_0194.jpg,store
11,store_0195.jpg,store
11,store_0196.jpg,store
11,store_0197.jpg,store
11,store_0198.jpg,store
11,store_0199.jpg,store
11,store_0200.jpg,store
11,store_0201.jpg,store
11,store_0202.jpg,store
11,store_0203.jpg,store
11,store_0204.jpg,store
11,store_0205.jpg,store
11,store_0206.jpg,store
11,store_0207.jpg,store
11,store_0208.jpg,store
11,store_0209.jpg,store
11,store_0210.jpg,store
11,store_0211.jpg,store
11,store_0212.jpg,store
11,store_0213.jpg,store
11,store_0214.jpg,store
11,store_0215.jpg,store
1,street_0001.jpg,street
1,street_0002.jpg,street
1,street_0003.jpg,street
1,street_0004.jpg,street
1,street_0005.jpg,street
1,street_0006.jpg,street
1,street_0007.jpg,street
1,street_0008.jpg,street
1,street_0009.jpg,street
1,street_0010.jpg,street
1,street_0011.jpg,street
1,street_0012.jpg,street
1,street_0013.jpg,street
1,street_0014.jpg,street
1,street_0015.jpg,street
1,street_0016.jpg,street
1,street_0017.jpg,street
1,street_0018.jpg,street
1,street_0019.jpg,street
1,street_0020.jpg,street
1,street_0021.jpg,street
1,street_0022.jpg,street
1,street_0023.jpg,street
1,street_0024.jpg,street
1,street_0025.jpg,street
1,street_0026.jpg,street
1,street_0027.jpg,street
1,street_0028.jpg,street
1,street_0029.jpg,street
1,street_0030.jpg,street
1,street_0031.jpg,street
1,street_0032.jpg,street
1,street_0033.jpg,street
1,street_0034.jpg,street
1,street_0035.jpg,street
1,street_0036.jpg,street
1,street_0037.jpg,street
1,street_0038.jpg,street
1,street_0039.jpg,street
1,street_0040.jpg,street
1,street_0041.jpg,street
1,street_0042.jpg,street
1,street_0043.jpg,street
1,street_0044.jpg,street
1,street_0045.jpg,street
1,street_0046.jpg,street
1,street_0047.jpg,street
1,street_0048.jpg,street
1,street_0049.jpg,street
1,street_0050.jpg,street
1,street_0051.jpg,street
1,street_0052.jpg,street
1,street_0053.jpg,street
1,street_0054.jpg,street
1,street_0055.jpg,street
1,street_0056.jpg,street
1,street_0057.jpg,street
1,street_0058.jpg,street
1,street_0059.jpg,street
1,street_0060.jpg,street
1,street_0061.jpg,street
1,street_0062.jpg,street
1,street_0063.jpg,street
1,street_0064.jpg,street
1,street_0065.jpg,street
1,street_0066.jpg,street
1,street_0067.jpg,street
1,street_0068.jpg,street
1,street_0069.jpg,street
1,street_0070.jpg,street
1,street_0071.jpg,street
1,street_0072.jpg,street
1,street_0073.jpg,street
1,street_0074.jpg,street
1,street_0075.jpg,street
1,street_0076.jpg,street
1,street_0077.jpg,street
1,street_0078.jpg,street
1,street_0079.jpg,street
1,street_0080.jpg,street
1,street_0081.jpg,street
1,street_0082.jpg,street
1,street_0083.jpg,street
1,street_0084.jpg,street
1,street_0085.jpg,street
1,street_0086.jpg,street
1,street_0087.jpg,street
1,street_0088.jpg,street
1,street_0089.jpg,street
1,street_0090.jpg,street
1,street_0091.jpg,street
1,street_0092.jpg,street
1,street_0093.jpg,street
1,street_0094.jpg,street
1,street_0095.jpg,street
1,street_0096.jpg,street
1,street_0097.jpg,street
1,street_0098.jpg,street
1,street_0099.jpg,street
1,street_0100.jpg,street
1,street_0101.jpg,street
1,street_0102.jpg,street
1,street_0103.jpg,street
1,street_0104.jpg,street
1,street_0105.jpg,street
1,street_0106.jpg,street
1,street_0107.jpg,street
1,street_0108.jpg,street
1,street_0109.jpg,street
1,street_0110.jpg,street
1,street_0111.jpg,street
1,street_0112.jpg,street
1,street_0113.jpg,street
1,street_0114.jpg,street
1,street_0115.jpg,street
1,street_0116.jpg,street
1,street_0117.jpg,street
1,street_0118.jpg,street
1,street_0119.jpg,street
1,street_0120.jpg,street
1,street_0121.jpg,street
1,street_0122.jpg,street
1,street_0123.jpg,street
1,street_0124.jpg,street
1,street_0125.jpg,street
1,street_0126.jpg,street
1,street_0127.jpg,street
1,street_0128.jpg,street
1,street_0129.jpg,street
1,street_0130.jpg,street
1,street_0131.jpg,street
1,street_0132.jpg,street
1,street_0133.jpg,street
1,street_0134.jpg,street
1,street_0135.jpg,street
1,street_0136.jpg,street
1,street_0137.jpg,street
1,street_0138.jpg,street
1,street_0139.jpg,street
1,street_0140.jpg,street
1,street_0141.jpg,street
1,street_0142.jpg,street
1,street_0143.jpg,street
1,street_0144.jpg,street
1,street_0145.jpg,street
1,street_0146.jpg,street
1,street_0147.jpg,street
1,street_0148.jpg,street
1,street_0149.jpg,street
1,street_0150.jpg,street
1,street_0151.jpg,street
1,street_0152.jpg,street
1,street_0153.jpg,street
1,street_0154.jpg,street
1,street_0155.jpg,street
1,street_0156.jpg,street
1,street_0157.jpg,street
1,street_0158.jpg,street
1,street_0159.jpg,street
1,street_0160.jpg,street
1,street_0161.jpg,street
1,street_0162.jpg,street
1,street_0163.jpg,street
1,street_0164.jpg,street
1,street_0165.jpg,street
1,street_0166.jpg,street
1,street_0167.jpg,street
1,street_0168.jpg,street
1,street_0169.jpg,street
1,street_0170.jpg,street
1,street_0171.jpg,street
1,street_0172.jpg,street
1,street_0173.jpg,street
1,street_0174.jpg,street
1,street_0175.jpg,street
1,street_0176.jpg,street
1,street_0177.jpg,street
1,street_0178.jpg,street
1,street_0179.jpg,street
1,street_0180.jpg,street
1,street_0181.jpg,street
1,street_0182.jpg,street
1,street_0183.jpg,street
1,street_0184.jpg,street
1,street_0185.jpg,street
1,street_0186.jpg,street
1,street_0187.jpg,street
1,street_0188.jpg,street
1,street_0189.jpg,street
1,street_0190.jpg,street
1,street_0191.jpg,street
1,street_0192.jpg,street
13,tallbuilding_0001.jpg,tallbuilding
13,tallbuilding_0002.jpg,tallbuilding
13,tallbuilding_0003.jpg,tallbuilding
13,tallbuilding_0004.jpg,tallbuilding
13,tallbuilding_0005.jpg,tallbuilding
13,tallbuilding_0006.jpg,tallbuilding
13,tallbuilding_0007.jpg,tallbuilding
13,tallbuilding_0008.jpg,tallbuilding
13,tallbuilding_0009.jpg,tallbuilding
13,tallbuilding_0010.jpg,tallbuilding
13,tallbuilding_0011.jpg,tallbuilding
13,tallbuilding_0012.jpg,tallbuilding
13,tallbuilding_0013.jpg,tallbuilding
13,tallbuilding_0014.jpg,tallbuilding
13,tallbuilding_0015.jpg,tallbuilding
13,tallbuilding_0016.jpg,tallbuilding
13,tallbuilding_0017.jpg,tallbuilding
13,tallbuilding_0018.jpg,tallbuilding
13,tallbuilding_0019.jpg,tallbuilding
13,tallbuilding_0020.jpg,tallbuilding
13,tallbuilding_0021.jpg,tallbuilding
13,tallbuilding_0022.jpg,tallbuilding
13,tallbuilding_0023.jpg,tallbuilding
13,tallbuilding_0024.jpg,tallbuilding
13,tallbuilding_0025.jpg,tallbuilding
13,tallbuilding_0026.jpg,tallbuilding
13,tallbuilding_0027.jpg,tallbuilding
13,tallbuilding_0028.jpg,tallbuilding
13,tallbuilding_0029.jpg,tallbuilding
13,tallbuilding_0030.jpg,tallbuilding
13,tallbuilding_0031.jpg,tallbuilding
13,tallbuilding_0032.jpg,tallbuilding
13,tallbuilding_0033.jpg,tallbuilding
13,tallbuilding_0034.jpg,tallbuilding
13,tallbuilding_0035.jpg,tallbuilding
13,tallbuilding_0036.jpg,tallbuilding
13,tallbuilding_0037.jpg,tallbuilding
13,tallbuilding_0038.jpg,tallbuilding
13,tallbuilding_0039.jpg,tallbuilding
13,tallbuilding_0040.jpg,tallbuilding
13,tallbuilding_0041.jpg,tallbuilding
13,tallbuilding_0042.jpg,tallbuilding
13,tallbuilding_0043.jpg,tallbuilding
13,tallbuilding_0044.jpg,tallbuilding
13,tallbuilding_0045.jpg,tallbuilding
13,tallbuilding_0046.jpg,tallbuilding
13,tallbuilding_0047.jpg,tallbuilding
13,tallbuilding_0048.jpg,tallbuilding
13,tallbuilding_0049.jpg,tallbuilding
13,tallbuilding_0050.jpg,tallbuilding
13,tallbuilding_0051.jpg,tallbuilding
13,tallbuilding_0052.jpg,tallbuilding
13,tallbuilding_0053.jpg,tallbuilding
13,tallbuilding_0054.jpg,tallbuilding
13,tallbuilding_0055.jpg,tallbuilding
13,tallbuilding_0056.jpg,tallbuilding
13,tallbuilding_0057.jpg,tallbuilding
13,tallbuilding_0058.jpg,tallbuilding
13,tallbuilding_0059.jpg,tallbuilding
13,tallbuilding_0060.jpg,tallbuilding
13,tallbuilding_0061.jpg,tallbuilding
13,tallbuilding_0062.jpg,tallbuilding
13,tallbuilding_0063.jpg,tallbuilding
13,tallbuilding_0064.jpg,tallbuilding
13,tallbuilding_0065.jpg,tallbuilding
13,tallbuilding_0066.jpg,tallbuilding
13,tallbuilding_0067.jpg,tallbuilding
13,tallbuilding_0068.jpg,tallbuilding
13,tallbuilding_0069.jpg,tallbuilding
13,tallbuilding_0070.jpg,tallbuilding
13,tallbuilding_0071.jpg,tallbuilding
13,tallbuilding_0072.jpg,tallbuilding
13,tallbuilding_0073.jpg,tallbuilding
13,tallbuilding_0074.jpg,tallbuilding
13,tallbuilding_0075.jpg,tallbuilding
13,tallbuilding_0076.jpg,tallbuilding
13,tallbuilding_0077.jpg,tallbuilding
13,tallbuilding_0078.jpg,tallbuilding
13,tallbuilding_0079.jpg,tallbuilding
13,tallbuilding_0080.jpg,tallbuilding
13,tallbuilding_0081.jpg,tallbuilding
13,tallbuilding_0082.jpg,tallbuilding
13,tallbuilding_0083.jpg,tallbuilding
13,tallbuilding_0084.jpg,tallbuilding
13,tallbuilding_0085.jpg,tallbuilding
13,tallbuilding_0086.jpg,tallbuilding
13,tallbuilding_0087.jpg,tallbuilding
13,tallbuilding_0088.jpg,tallbuilding
13,tallbuilding_0089.jpg,tallbuilding
13,tallbuilding_0090.jpg,tallbuilding
13,tallbuilding_0091.jpg,tallbuilding
13,tallbuilding_0092.jpg,tallbuilding
13,tallbuilding_0093.jpg,tallbuilding
13,tallbuilding_0094.jpg,tallbuilding
13,tallbuilding_0095.jpg,tallbuilding
13,tallbuilding_0096.jpg,tallbuilding
13,tallbuilding_0097.jpg,tallbuilding
13,tallbuilding_0098.jpg,tallbuilding
13,tallbuilding_0099.jpg,tallbuilding
13,tallbuilding_0100.jpg,tallbuilding
13,tallbuilding_0101.jpg,tallbuilding
13,tallbuilding_0102.jpg,tallbuilding
13,tallbuilding_0103.jpg,tallbuilding
13,tallbuilding_0104.jpg,tallbuilding
13,tallbuilding_0105.jpg,tallbuilding
13,tallbuilding_0106.jpg,tallbuilding
13,tallbuilding_0107.jpg,tallbuilding
13,tallbuilding_0108.jpg,tallbuilding
13,tallbuilding_0109.jpg,tallbuilding
13,tallbuilding_0110.jpg,tallbuilding
13,tallbuilding_0111.jpg,tallbuilding
13,tallbuilding_0112.jpg,tallbuilding
13,tallbuilding_0113.jpg,tallbuilding
13,tallbuilding_0114.jpg,tallbuilding
13,tallbuilding_0115.jpg,tallbuilding
13,tallbuilding_0116.jpg,tallbuilding
13,tallbuilding_0117.jpg,tallbuilding
13,tallbuilding_0118.jpg,tallbuilding
13,tallbuilding_0119.jpg,tallbuilding
13,tallbuilding_0120.jpg,tallbuilding
13,tallbuilding_0121.jpg,tallbuilding
13,tallbuilding_0122.jpg,tallbuilding
13,tallbuilding_0123.jpg,tallbuilding
13,tallbuilding_0124.jpg,tallbuilding
13,tallbuilding_0125.jpg,tallbuilding
13,tallbuilding_0126.jpg,tallbuilding
13,tallbuilding_0127.jpg,tallbuilding
13,tallbuilding_0128.jpg,tallbuilding
13,tallbuilding_0129.jpg,tallbuilding
13,tallbuilding_0130.jpg,tallbuilding
13,tallbuilding_0131.jpg,tallbuilding
13,tallbuilding_0132.jpg,tallbuilding
13,tallbuilding_0133.jpg,tallbuilding
13,tallbuilding_0134.jpg,tallbuilding
13,tallbuilding_0135.jpg,tallbuilding
13,tallbuilding_0136.jpg,tallbuilding
13,tallbuilding_0137.jpg,tallbuilding
13,tallbuilding_0138.jpg,tallbuilding
13,tallbuilding_0139.jpg,tallbuilding
13,tallbuilding_0140.jpg,tallbuilding
13,tallbuilding_0141.jpg,tallbuilding
13,tallbuilding_0142.jpg,tallbuilding
13,tallbuilding_0143.jpg,tallbuilding
13,tallbuilding_0144.jpg,tallbuilding
13,tallbuilding_0145.jpg,tallbuilding
13,tallbuilding_0146.jpg,tallbuilding
13,tallbuilding_0147.jpg,tallbuilding
13,tallbuilding_0148.jpg,tallbuilding
13,tallbuilding_0149.jpg,tallbuilding
13,tallbuilding_0150.jpg,tallbuilding
13,tallbuilding_0151.jpg,tallbuilding
13,tallbuilding_0152.jpg,tallbuilding
13,tallbuilding_0153.jpg,tallbuilding
13,tallbuilding_0154.jpg,tallbuilding
13,tallbuilding_0155.jpg,tallbuilding
13,tallbuilding_0156.jpg,tallbuilding
13,tallbuilding_0157.jpg,tallbuilding
13,tallbuilding_0158.jpg,tallbuilding
13,tallbuilding_0159.jpg,tallbuilding
13,tallbuilding_0160.jpg,tallbuilding
13,tallbuilding_0161.jpg,tallbuilding
13,tallbuilding_0162.jpg,tallbuilding
13,tallbuilding_0163.jpg,tallbuilding
13,tallbuilding_0164.jpg,tallbuilding
13,tallbuilding_0165.jpg,tallbuilding
13,tallbuilding_0166.jpg,tallbuilding
13,tallbuilding_0167.jpg,tallbuilding
13,tallbuilding_0168.jpg,tallbuilding
13,tallbuilding_0169.jpg,tallbuilding
13,tallbuilding_0170.jpg,tallbuilding
13,tallbuilding_0171.jpg,tallbuilding
13,tallbuilding_0172.jpg,tallbuilding
13,tallbuilding_0173.jpg,tallbuilding
13,tallbuilding_0174.jpg,tallbuilding
13,tallbuilding_0175.jpg,tallbuilding
13,tallbuilding_0176.jpg,tallbuilding
13,tallbuilding_0177.jpg,tallbuilding
13,tallbuilding_0178.jpg,tallbuilding
13,tallbuilding_0179.jpg,tallbuilding
13,tallbuilding_0180.jpg,tallbuilding
13,tallbuilding_0181.jpg,tallbuilding
13,tallbuilding_0182.jpg,tallbuilding
13,tallbuilding_0183.jpg,tallbuilding
13,tallbuilding_0184.jpg,tallbuilding
13,tallbuilding_0185.jpg,tallbuilding
13,tallbuilding_0186.jpg,tallbuilding
13,tallbuilding_0187.jpg,tallbuilding
13,tallbuilding_0188.jpg,tallbuilding
13,tallbuilding_0189.jpg,tallbuilding
13,tallbuilding_0190.jpg,tallbuilding
13,tallbuilding_0191.jpg,tallbuilding
13,tallbuilding_0192.jpg,tallbuilding
13,tallbuilding_0193.jpg,tallbuilding
13,tallbuilding_0194.jpg,tallbuilding
13,tallbuilding_0195.jpg,tallbuilding
13,tallbuilding_0196.jpg,tallbuilding
13,tallbuilding_0197.jpg,tallbuilding
13,tallbuilding_0198.jpg,tallbuilding
13,tallbuilding_0199.jpg,tallbuilding
13,tallbuilding_0200.jpg,tallbuilding
13,tallbuilding_0201.jpg,tallbuilding
13,tallbuilding_0202.jpg,tallbuilding
13,tallbuilding_0203.jpg,tallbuilding
13,tallbuilding_0204.jpg,tallbuilding
13,tallbuilding_0205.jpg,tallbuilding
13,tallbuilding_0206.jpg,tallbuilding
13,tallbuilding_0207.jpg,tallbuilding
13,tallbuilding_0208.jpg,tallbuilding
13,tallbuilding_0209.jpg,tallbuilding
13,tallbuilding_0210.jpg,tallbuilding
13,tallbuilding_0211.jpg,tallbuilding
13,tallbuilding_0212.jpg,tallbuilding
13,tallbuilding_0213.jpg,tallbuilding
13,tallbuilding_0214.jpg,tallbuilding
13,tallbuilding_0215.jpg,tallbuilding
13,tallbuilding_0216.jpg,tallbuilding
13,tallbuilding_0217.jpg,tallbuilding
13,tallbuilding_0218.jpg,tallbuilding
13,tallbuilding_0219.jpg,tallbuilding
13,tallbuilding_0220.jpg,tallbuilding
13,tallbuilding_0221.jpg,tallbuilding
13,tallbuilding_0222.jpg,tallbuilding
13,tallbuilding_0223.jpg,tallbuilding
13,tallbuilding_0224.jpg,tallbuilding
13,tallbuilding_0225.jpg,tallbuilding
13,tallbuilding_0226.jpg,tallbuilding
13,tallbuilding_0227.jpg,tallbuilding
13,tallbuilding_0228.jpg,tallbuilding
13,tallbuilding_0229.jpg,tallbuilding
13,tallbuilding_0230.jpg,tallbuilding
13,tallbuilding_0231.jpg,tallbuilding
13,tallbuilding_0232.jpg,tallbuilding
13,tallbuilding_0233.jpg,tallbuilding
13,tallbuilding_0234.jpg,tallbuilding
13,tallbuilding_0235.jpg,tallbuilding
13,tallbuilding_0236.jpg,tallbuilding
13,tallbuilding_0237.jpg,tallbuilding
13,tallbuilding_0238.jpg,tallbuilding
13,tallbuilding_0239.jpg,tallbuilding
13,tallbuilding_0240.jpg,tallbuilding
13,tallbuilding_0241.jpg,tallbuilding
13,tallbuilding_0242.jpg,tallbuilding
13,tallbuilding_0243.jpg,tallbuilding
13,tallbuilding_0244.jpg,tallbuilding
13,tallbuilding_0245.jpg,tallbuilding
13,tallbuilding_0246.jpg,tallbuilding
13,tallbuilding_0247.jpg,tallbuilding
13,tallbuilding_0248.jpg,tallbuilding
13,tallbuilding_0249.jpg,tallbuilding
13,tallbuilding_0250.jpg,tallbuilding
13,tallbuilding_0251.jpg,tallbuilding
13,tallbuilding_0252.jpg,tallbuilding
13,tallbuilding_0253.jpg,tallbuilding
13,tallbuilding_0254.jpg,tallbuilding
13,tallbuilding_0255.jpg,tallbuilding
13,tallbuilding_0256.jpg,tallbuilding
